name,email,gender
Catharina,cagerskow0@alibaba.com,Female
Dulcea,dhuglin1@sphinn.com,Female
Hedi,hcallinan2@ask.com,Female
Gypsy,gdeverehunt3@nydailynews.com,Female
Casey,cmcmenamy4@narod.ru,Female
Heidie,hselley5@pcworld.com,Female
Pierette,phutten6@nhs.uk,Female
Inger,iquakley7@weibo.com,Female
Tyrone,tbaddow8@amazon.co.uk,Male
Chantalle,ctreher9@google.co.uk,Female
Quinn,qhazeldeana@livejournal.com,Male
Sibley,sdaddowb@linkedin.com,Female
Bren,belmhirstc@feedburner.com,Female
Penelope,pcroleyd@google.ca,Female
Arlina,adudille@fema.gov,Female
Hy,hgabitsf@nymag.com,Male
Ernst,efrusherg@hao123.com,Male
Mort,mvanyakinh@reference.com,Male
Sigfried,sburmani@telegraph.co.uk,Male
Gerrilee,gbrackleyj@joomla.org,Female
Maynord,mtiuitk@tuttocitta.it,Male
Elisha,echristoforoul@nasa.gov,Female
Vincent,vwestreym@home.pl,Male
Rollo,rashmann@dailymail.co.uk,Male
Sukey,smcfallo@rambler.ru,Female
Clerissa,coddiep@home.pl,Female
Lurette,lcoddq@qq.com,Female
Mabelle,msollonr@time.com,Female
Adelice,acabottos@google.es,Female
Wanda,wpostent@desdev.cn,Female
Ber,bmattiellou@vimeo.com,Male
Kamila,kgreyv@weather.com,Female
Charisse,cgegayw@nyu.edu,Female
Vivyan,vhillbornex@prlog.org,Female
Temp,tcrewey@webeden.co.uk,Male
Alexis,afurzez@wisc.edu,Male
Jane,jdegouy10@hao123.com,Female
Myrvyn,mallworthy11@dedecms.com,Male
Eachelle,epedroni12@si.edu,Female
Lemar,lgatfield13@wufoo.com,Male
Noemi,nbradforth14@opensource.org,Female
Selma,spentland15@ehow.com,Female
Booth,bbilham16@51.la,Male
Gordon,gjeandel17@businesswire.com,Male
Conny,cdecaville18@123-reg.co.uk,Female
Pacorro,prisby19@princeton.edu,Male
Goddart,gcurnokk1a@privacy.gov.au,Male
Tabbatha,tsier1b@sfgate.com,Female
Hilliard,hbradie1c@eepurl.com,Male
Legra,lgwin1d@shop-pro.jp,Female
Dur,dkilford1e@geocities.com,Male
Isabelita,istoter1f@google.de,Female
Sadella,styson1g@china.com.cn,Female
Angelika,afines1h@prlog.org,Female
Marquita,mmansel1i@studiopress.com,Female
Michelina,mbucklan1j@google.fr,Female
Kele,kattenbrow1k@census.gov,Male
Lynnet,lkondratenya1l@youtu.be,Female
Guenevere,gbeastall1m@google.com.au,Female
Reinold,rabrehart1n@ucoz.com,Male
Lennard,llofty1o@jigsy.com,Male
Leeann,lfellow1p@tuttocitta.it,Female
Marji,mscholard1q@g.co,Female
Charissa,cgarnsey1r@blog.com,Female
Maxy,mraffan1s@yandex.ru,Female
Issiah,istrettle1t@sciencedaily.com,Male
Robyn,rreynard1u@tripadvisor.com,Female
Maggy,mjansky1v@economist.com,Female
Aridatha,atweddle1w@yellowbook.com,Female
Louis,lasey1x@yale.edu,Male
Audry,aheath1y@dmoz.org,Female
Freeland,fsainter1z@hexun.com,Male
Pepillo,psoigoux20@telegraph.co.uk,Male
Augustus,aparlatt21@ovh.net,Male
Mill,mmoen22@java.com,Male
Derek,dkornyakov23@webs.com,Male
Hugh,hjiricka24@bravesites.com,Male
Georg,ghackwell25@so-net.ne.jp,Male
Dario,dprisley26@skyrock.com,Male
Eldridge,evedeniktov27@archive.org,Male
Irvine,irampage28@4shared.com,Male
Dana,dgodding29@npr.org,Female
Jolie,jminghetti2a@4shared.com,Female
Shayne,staggett2b@statcounter.com,Male
Arty,aoller2c@vkontakte.ru,Male
Stevena,spolleye2d@state.tx.us,Female
Thorin,tince2e@lulu.com,Male
Theo,tcrowder2f@cornell.edu,Male
Dina,dfilyukov2g@buzzfeed.com,Female
Jedediah,jdearlepalser2h@jimdo.com,Male
Kipper,kboole2i@exblog.jp,Male
Claiborne,cmcmackin2j@patch.com,Male
Johann,jlorne2k@geocities.com,Male
Nevin,nbrabin2l@multiply.com,Male
Giusto,gjanes2m@tripod.com,Male
Abagael,amckenzie2n@delicious.com,Female
Homer,hwrates2o@imgur.com,Male
Manya,mpauls2p@telegraph.co.uk,Female
Leandra,lfarquarson2q@ihg.com,Female
Hayes,hcockell2r@de.vu,Male
Yves,ybrameld2s@fema.gov,Male
Vina,vdraayer2t@yahoo.co.jp,Female
Jdavie,jshotton2u@thetimes.co.uk,Male
Porty,pizard2v@gnu.org,Male
Kurtis,kgreensite2w@blogspot.com,Male
Lolly,lbartholat2x@about.com,Female
Anthia,acarlisle2y@boston.com,Female
Kevan,kglencros2z@facebook.com,Male
See,sleftbridge30@infoseek.co.jp,Male
Hazel,hengley31@unc.edu,Female
Lorne,lbrophy32@hugedomains.com,Female
Dougy,dledwidge33@marketwatch.com,Male
Gwenni,glemmon34@geocities.jp,Female
Herman,hcarlucci35@histats.com,Male
Deeyn,dlyddiatt36@technorati.com,Female
Johanna,jdummer37@youku.com,Female
Madelin,mambrosch38@washingtonpost.com,Female
Electra,ebickerstasse39@blogger.com,Female
Veradis,vhellicar3a@unc.edu,Female
Aksel,arheam3b@webmd.com,Male
Jerrome,jkenwrick3c@163.com,Male
Karlan,khowatt3d@sun.com,Male
Claudell,cphilipps3e@4shared.com,Male
Steven,sfairbanks3f@i2i.jp,Male
Jody,jdearnaly3g@weather.com,Female
Mikael,mmansel3h@usgs.gov,Male
Johanna,jtuckie3i@simplemachines.org,Female
Sybyl,sseamons3j@mtv.com,Female
Jim,jsworder3k@buzzfeed.com,Male
Paulita,pmaster3l@yelp.com,Female
Hi,hkelsow3m@woothemes.com,Male
Frederik,fturn3n@java.com,Male
Kaitlyn,kglassborow3o@geocities.com,Female
Bathsheba,bwildish3p@seesaa.net,Female
Rolph,rpeyes3q@ft.com,Male
Osbourn,obowmen3r@hexun.com,Male
Colas,cdobrovsky3s@sitemeter.com,Male
Nannie,nrosenblath3t@example.com,Female
Amble,achristoffe3u@1688.com,Male
Ysabel,ybilbrooke3v@hibu.com,Female
Joachim,jwaldrum3w@google.co.jp,Male
Katherine,kboice3x@4shared.com,Female
Lynn,lsaby3y@miitbeian.gov.cn,Female
Jarib,jsapsed3z@hhs.gov,Male
Gery,gkiehnlt40@cnn.com,Male
Dorie,dkelly41@ning.com,Female
Bonni,bblakemore42@list-manage.com,Female
Padriac,progge43@t-online.de,Male
Jae,joboyle44@bandcamp.com,Male
Linnell,ltomkiss45@aboutads.info,Female
Michele,malu46@globo.com,Female
Randal,rwalrond47@list-manage.com,Male
Shel,siacobo48@usgs.gov,Female
Griswold,gturrell49@dailymotion.com,Male
Joane,jharesnape4a@bloomberg.com,Female
Gregoor,ggorvin4b@washingtonpost.com,Male
Nye,nkingcote4c@usa.gov,Male
Jan,jnuschke4d@usatoday.com,Female
Josh,jcradick4e@mysql.com,Male
Josephina,jharrie4f@oracle.com,Female
Frannie,ftesmond4g@zdnet.com,Male
Jean,jhowlett4h@godaddy.com,Male
Jud,jcuree4i@comcast.net,Male
Abra,apaolini4j@apple.com,Female
Quentin,qdorian4k@seattletimes.com,Female
Giuseppe,gshortall4l@purevolume.com,Male
Zorina,zkerford4m@sfgate.com,Female
Anastassia,aoloughnan4n@mozilla.org,Female
Charlot,clegerton4o@simplemachines.org,Female
Ryon,rconlon4p@soup.io,Male
Carissa,cseggie4q@bing.com,Female
Euphemia,ekempshall4r@hostgator.com,Female
Nico,nscheu4s@businessinsider.com,Male
Leigh,lpadbury4t@twitpic.com,Male
Barbabas,btatteshall4u@intel.com,Male
Constantia,cmalling4v@upenn.edu,Female
Steven,shunton4w@netvibes.com,Male
Lemuel,lbouchier4x@cafepress.com,Male
Lamont,lmusico4y@dot.gov,Male
Sheelah,sclearley4z@themeforest.net,Female
Bank,bhassin50@skyrock.com,Male
Alister,aheddan51@ca.gov,Male
Lindsey,lprando52@examiner.com,Female
Griffie,gcorse53@netscape.com,Male
Harli,hbracci54@bloglovin.com,Female
Sergent,sevelyn55@behance.net,Male
Martie,msimister56@shareasale.com,Male
Tann,ttarte57@thetimes.co.uk,Male
Willem,wansty58@digg.com,Male
Thibaud,tbhar59@skyrock.com,Male
Mac,mbennion5a@clickbank.net,Male
Sandye,scullrford5b@businesswire.com,Female
Zitella,zsaylor5c@icio.us,Female
Vitoria,vswine5d@shutterfly.com,Female
Angelita,anicklen5e@i2i.jp,Female
Antonio,adewhirst5f@illinois.edu,Male
Ambrosi,acoper5g@umn.edu,Male
Christophorus,cbunclark5h@jigsy.com,Male
Ware,wayre5i@dropbox.com,Male
Byrle,btebbit5j@tmall.com,Male
Ardine,ascholar5k@ox.ac.uk,Female
Caye,cgoodacre5l@cnet.com,Female
Franky,fsacco5m@cnet.com,Male
Kendricks,kfarlham5n@example.com,Male
Temp,tantecki5o@army.mil,Male
Currie,caudritt5p@hp.com,Male
Julissa,jdeekes5q@purevolume.com,Female
Ashley,aenrico5r@geocities.com,Female
Joshua,jredwall5s@washingtonpost.com,Male
Cully,cgullberg5t@nba.com,Male
Augustin,awarlton5u@statcounter.com,Male
Leola,lpuckrin5v@freewebs.com,Female
Kelwin,kgonnin5w@stumbleupon.com,Male
Halsey,hbrushneen5x@hao123.com,Male
Neron,nconnow5y@aol.com,Male
Jerry,jrappoport5z@army.mil,Male
Maurice,mgoldspink60@myspace.com,Male
Margaretha,mcapenor61@tamu.edu,Female
Nat,ncomizzoli62@mail.ru,Male
Nikola,nbeedon63@patch.com,Male
Liesa,lmaleby64@youtu.be,Female
Devinne,dhame65@usatoday.com,Female
El,eadshad66@arizona.edu,Male
Rayna,rkinnard67@hao123.com,Female
Verene,vberntsson68@jimdo.com,Female
Rae,rmadrell69@reverbnation.com,Female
Floria,fchelsom6a@acquirethisname.com,Female
Fifine,flennon6b@time.com,Female
Elysee,enaton6c@over-blog.com,Female
Jory,jtetford6d@google.pl,Male
Ame,amcentagart6e@google.ca,Female
Jamison,jtodor6f@amazon.co.jp,Male
Lottie,lwilbraham6g@tinypic.com,Female
Ike,iarkell6h@tripod.com,Male
Eadmund,esmoth6i@w3.org,Male
Violante,vleguay6j@yale.edu,Female
Jaime,jcorington6k@freewebs.com,Male
Katerina,khacun6l@homestead.com,Female
Cathryn,cduggary6m@surveymonkey.com,Female
Don,dweinmann6n@t-online.de,Male
Darci,dthornbarrow6o@oracle.com,Female
Marcel,mklassman6p@ovh.net,Male
Bunnie,bvannuchi6q@liveinternet.ru,Female
Micaela,mcordelette6r@qq.com,Female
Tomasine,tburne6s@blogger.com,Female
Milt,mchallace6t@paginegialle.it,Male
Maureen,mrowcastle6u@google.ca,Female
Clem,cmaestro6v@cisco.com,Male
Nollie,nsharple6w@ihg.com,Female
Arlyne,aredish6x@techcrunch.com,Female
Meredith,mearle6y@1und1.de,Male
Ema,ebeaman6z@artisteer.com,Female
Benny,bdyhouse70@google.com.hk,Female
Erastus,esoar71@wisc.edu,Male
Dagmar,dkellie72@google.cn,Female
Curt,cgilliard73@behance.net,Male
Sigismondo,sdarrigo74@slate.com,Male
Kittie,kfuxman75@clickbank.net,Female
Lionello,lbonnyson76@opera.com,Male
Brit,bflather77@friendfeed.com,Male
Eugenio,erosoman78@hhs.gov,Male
Burtie,bericssen79@fda.gov,Male
Izzy,icrawford7a@wired.com,Male
Terrijo,tsmurthwaite7b@free.fr,Female
Patten,pbrockman7c@who.int,Male
Petey,psummerscales7d@histats.com,Male
Kellina,kclackson7e@pbs.org,Female
Domeniga,dmccormack7f@creativecommons.org,Female
Aleen,afarlamb7g@facebook.com,Female
Megan,mshannon7h@1688.com,Female
Kermit,kroscrigg7i@xing.com,Male
Alf,asimmins7j@twitpic.com,Male
Paulina,pmoralas7k@oaic.gov.au,Female
Morie,mocarroll7l@goo.gl,Male
Thain,tkingdon7m@sitemeter.com,Male
Marnie,mkellaway7n@google.nl,Female
Onfre,oroebottom7o@about.me,Male
Sutherland,sschoroder7p@blog.com,Male
Tremain,tpenright7q@xinhuanet.com,Male
Findlay,fwassell7r@bravesites.com,Male
Rodrick,rewbanck7s@flickr.com,Male
Elvina,elaing7t@prnewswire.com,Female
Arch,agoullee7u@earthlink.net,Male
Roderic,rwolfarth7v@yandex.ru,Male
Robena,rchark7w@gov.uk,Female
Hilton,hdugo7x@vimeo.com,Male
Ash,agrint7y@sakura.ne.jp,Male
Padraig,phebblethwaite7z@de.vu,Male
Bard,balti80@sitemeter.com,Male
Claire,ceite81@ovh.net,Male
Florinda,fsmetoun82@auda.org.au,Female
Elfrieda,etrevan83@t-online.de,Female
Rustie,rgrundon84@posterous.com,Male
Hadleigh,hkofax85@typepad.com,Male
Maura,mmackelworth86@ow.ly,Female
Rosalyn,rheamus87@amazon.com,Female
Abey,ainstock88@twitter.com,Male
Ahmad,ahewins89@dyndns.org,Male
Woodman,wzannelli8a@webs.com,Male
Fairlie,fstobo8b@newyorker.com,Male
Garfield,gdyshart8c@yale.edu,Male
Stacey,smadgin8d@smugmug.com,Female
Dania,dquarry8e@stanford.edu,Female
Mattie,mlutton8f@4shared.com,Male
Adriana,acasaccia8g@delicious.com,Female
Eduard,eluce8h@columbia.edu,Male
Milissent,mtruter8i@indiatimes.com,Female
Gualterio,garlott8j@sbwire.com,Male
Valentina,vlade8k@shareasale.com,Female
Dana,dhenighan8l@feedburner.com,Female
Tymothy,tgarrison8m@imageshack.us,Male
Leigha,lgofforth8n@paypal.com,Female
Sella,sbenoix8o@spiegel.de,Female
Lorry,lrous8p@com.com,Male
Krishna,kpanton8q@cpanel.net,Male
Clem,cpleavin8r@nsw.gov.au,Male
Chantal,cmackim8s@ocn.ne.jp,Female
Georgena,gvigus8t@java.com,Female
Verna,vespadate8u@engadget.com,Female
Bella,bscarce8v@webs.com,Female
Tim,tbordessa8w@phpbb.com,Female
Doralyn,ddoonican8x@dot.gov,Female
Francklin,fbehrend8y@craigslist.org,Male
Merissa,mgansbuhler8z@intel.com,Female
Chevalier,cocuddie90@live.com,Male
Constantino,crefford91@ed.gov,Male
Curran,cbille92@blogs.com,Male
Carrol,cwanstall93@bloomberg.com,Male
Mari,mkingsnoad94@cbslocal.com,Female
Haydon,hdusey95@qq.com,Male
Liana,lkimmince96@yandex.ru,Female
Sherwynd,sgilbeart97@unesco.org,Male
Beverlee,bmooreed98@fda.gov,Female
Leela,ltremmel99@cornell.edu,Female
Neely,nbottby9a@columbia.edu,Female
Winifred,wcommander9b@ifeng.com,Female
Mitchel,msilberschatz9c@ebay.co.uk,Male
Feliks,fdillway9d@princeton.edu,Male
Liana,ltorre9e@google.cn,Female
Arlee,agooddie9f@taobao.com,Female
Kennith,kcoope9g@netlog.com,Male
Brendon,bkerbey9h@vimeo.com,Male
Filip,fgarmon9i@ft.com,Male
Adrien,adansie9j@marriott.com,Male
Erie,ebelchamber9k@newsvine.com,Male
Darnell,deffemy9l@merriam-webster.com,Male
Rosy,rcaldeiro9m@statcounter.com,Female
Giselbert,gspencers9n@ebay.co.uk,Male
Poppy,pleivesley9o@chronoengine.com,Female
Andrew,awaldren9p@unicef.org,Male
Pavia,pcrockett9q@so-net.ne.jp,Female
Chad,cwillment9r@si.edu,Male
Carny,cswash9s@examiner.com,Male
Raymond,rboyce9t@cornell.edu,Male
Hurley,hlobe9u@netscape.com,Male
Ringo,riggo9v@washington.edu,Male
Norman,ntibb9w@mail.ru,Male
Daffi,dmcnamee9x@sun.com,Female
Erasmus,edelucia9y@pen.io,Male
Everett,ekivelhan9z@networkadvertising.org,Male
Leese,lputticka0@facebook.com,Female
Davine,drenalsa1@netlog.com,Female
Emera,easkema2@icq.com,Female
Row,rspaicea3@dailymotion.com,Female
Garreth,gbechleya4@va.gov,Male
Luciano,llangcastlea5@paypal.com,Male
Gram,gfernana6@elpais.com,Male
Gwyn,gleightona7@yolasite.com,Female
Ailbert,arisbrougha8@ning.com,Male
Shalom,scuckooa9@blinklist.com,Male
Enriqueta,efrankishaa@mapquest.com,Female
Teressa,trowledgeab@linkedin.com,Female
Zechariah,zparrettac@sourceforge.net,Male
Cesaro,cpettiforad@abc.net.au,Male
Teador,tbarochae@bluehost.com,Male
Marchall,mgillardaf@walmart.com,Male
Uriel,uleyzellag@addthis.com,Male
Claretta,clyddenah@sbwire.com,Female
Matti,mwattishamai@telegraph.co.uk,Female
Melissa,mpinnionaj@gravatar.com,Female
Bentlee,bstoltingak@usda.gov,Male
Juana,jdysertal@tinyurl.com,Female
Blinny,bpaullinam@clickbank.net,Female
Wyn,wtipleran@hao123.com,Male
Sayer,sjeffordao@columbia.edu,Male
Judie,jgatlinap@engadget.com,Female
Edsel,ebartosikaq@angelfire.com,Male
Constantine,ccarverar@wordpress.org,Female
Cherin,clevettas@washington.edu,Female
Andris,apostinsat@about.com,Male
Artur,ashortenau@livejournal.com,Male
Elnore,emcculloughav@cdbaby.com,Female
Mechelle,mepiscopiaw@over-blog.com,Female
Jervis,jpassmoreax@g.co,Male
Casi,cstraineay@wired.com,Female
Burke,bdumphreyaz@hexun.com,Male
Herve,heytelb0@loc.gov,Male
Melessa,mbarendtsenb1@studiopress.com,Female
Gustave,gberkelyb2@mit.edu,Male
Baudoin,bstrongb3@facebook.com,Male
Margarete,mstiveyb4@51.la,Female
Abba,alippob5@mit.edu,Male
Chryste,challumsb6@google.co.jp,Female
Niccolo,ncorwoodb7@sbwire.com,Male
Matthieu,mkitchersideb8@bigcartel.com,Male
Shandy,sitzkovitchb9@mail.ru,Female
Lee,lgeevesba@si.edu,Female
Jenelle,jgwinnbb@cbsnews.com,Female
Ranna,rebbettsbc@is.gd,Female
Lauren,llileybd@stumbleupon.com,Male
Ethelind,eyonbe@so-net.ne.jp,Female
Margette,mrenekebf@histats.com,Female
Godard,gatlaybg@ehow.com,Male
Gustav,griddichbh@php.net,Male
Lolly,lcamplenbi@4shared.com,Female
Patrice,pstodhartbj@jalbum.net,Female
Jeffie,jheasleybk@addthis.com,Male
Sharyl,shartillbl@miibeian.gov.cn,Female
Rutter,rbauntonbm@columbia.edu,Male
Thaddeus,tyakushkevbn@mapquest.com,Male
Brooks,bhavershambo@hibu.com,Female
Constantine,cnaperbp@gmpg.org,Female
Ingelbert,iarpurbq@shinystat.com,Male
Suzann,sdepinnabr@upenn.edu,Female
Tabby,tgrombridgebs@phoca.cz,Female
Lemmie,ldackbt@webeden.co.uk,Male
Dario,dalgybu@wp.com,Male
Wandis,wsaiensbv@oakley.com,Female
Lulu,lmckernanbw@cmu.edu,Female
Wendel,wcajklerbx@berkeley.edu,Male
Ellerey,emadginby@merriam-webster.com,Male
Avie,aruggierobz@hc360.com,Female
Eda,ehalmc0@cbsnews.com,Female
Orran,ogemlettc1@wix.com,Male
Barri,bcasselsc2@csmonitor.com,Male
Loralie,lleydenc3@histats.com,Female
Jillian,jguillemc4@cdbaby.com,Female
Jonathon,jwarkupc5@adobe.com,Male
Pen,pridsdalec6@networkadvertising.org,Female
Rhys,rpharaohc7@blogspot.com,Male
Massimo,mandreonec8@freewebs.com,Male
Ludovico,ldunkleyc9@reuters.com,Male
Rois,rflecknellca@sciencedaily.com,Female
Priscella,pgoldacb@elpais.com,Female
Caritta,cangellcc@t-online.de,Female
Gisele,ghunnawillcd@msu.edu,Female
Goober,gnorcliffce@ycombinator.com,Male
Benedicta,bdunridgecf@dion.ne.jp,Female
Pattin,pitzcovichcg@nbcnews.com,Male
Hedi,halcottch@discovery.com,Female
Raine,rthackwrayci@prnewswire.com,Female
Willy,wfilipcj@ovh.net,Female
Sergei,smathewck@zdnet.com,Male
Bernhard,bdettmarcl@macromedia.com,Male
Emily,eyarringtoncm@baidu.com,Female
Ray,rworsnapcn@boston.com,Male
Marlane,mpeacheyco@google.nl,Female
Lonee,lbrokcp@theatlantic.com,Female
Demott,ddilstoncq@imdb.com,Male
Johnath,jdenisyukcr@economist.com,Female
Alison,agetcliffcs@purevolume.com,Female
Rufe,rbuckerfieldct@issuu.com,Male
Isidora,istanfieldcu@e-recht24.de,Female
Hendrika,hpetelcv@a8.net,Female
Concordia,cflamentcw@cloudflare.com,Female
De,dbanecx@youtu.be,Female
Nessi,ntayecy@scribd.com,Female
Lena,lklarzynskicz@people.com.cn,Female
Hunfredo,hrederd0@blog.com,Male
Layney,ltosdevind1@netlog.com,Female
Barnabas,bskipsead2@virginia.edu,Male
Jerri,jcovottid3@imageshack.us,Male
Cob,cdurnilld4@paginegialle.it,Male
Sibilla,spashbad5@ow.ly,Female
Dorri,dshildrickd6@fastcompany.com,Female
Carmelle,cloaderd7@nymag.com,Female
Sayre,ssauvaged8@trellian.com,Female
Augusta,adevaneyd9@php.net,Female
Karlis,kabellsda@hexun.com,Male
Selie,saucoatedb@tumblr.com,Female
Amaleta,ablackslanddc@yahoo.com,Female
Luciano,lleborgnedd@skyrock.com,Male
Georgianne,gfriettde@seattletimes.com,Female
Cyrill,cmarchmentdf@shinystat.com,Male
Ileane,icarbindg@tmall.com,Female
Bobina,bmcjerrowdh@opensource.org,Female
Birch,bvasilenkodi@wufoo.com,Male
Briney,bseverdj@360.cn,Female
Benoit,bfolbigdk@plala.or.jp,Male
Dorette,drawlynsdl@wsj.com,Female
Livy,lhagyarddm@about.com,Female
Aila,adillinghamdn@creativecommons.org,Female
Ines,iklulisekdo@princeton.edu,Female
Billy,bterbruggendp@istockphoto.com,Male
Frederic,fsaverydq@ibm.com,Male
Ethelin,eonealdr@wix.com,Female
Winne,wgreensiteds@loc.gov,Female
Efrem,ebarkesdt@lulu.com,Male
Ava,aoxshottdu@wikispaces.com,Female
Emmeline,ehassalldv@slashdot.org,Female
Clementia,csidneydw@wunderground.com,Female
Leif,llismoredx@t.co,Male
Malissa,mbrockdy@tiny.cc,Female
Fred,fwethdz@umn.edu,Female
Devland,dhaspinealle0@toplist.cz,Male
Car,ccoldbreathe1@wsj.com,Male
Correy,cdrewerye2@independent.co.uk,Female
Candra,clegricee3@shutterfly.com,Female
Berti,bkenwrighte4@seattletimes.com,Female
Sibella,sfeldsteine5@domainmarket.com,Female
Terrye,tbleadene6@washingtonpost.com,Female
Hermann,hbilbiee7@mozilla.org,Male
Sanders,shurlstone8@state.tx.us,Male
Bob,bpointse9@earthlink.net,Male
Emlyn,ehawkenea@uol.com.br,Male
Shermy,smacmakineb@yellowbook.com,Male
Sadie,shindesec@etsy.com,Female
Fabian,fgreenhalghed@weebly.com,Male
Dennie,dcollinsonee@cnn.com,Male
Huntington,halveyef@intel.com,Male
Olenolin,ocristofaloeg@wp.com,Male
Hunt,hsonnereh@umich.edu,Male
Wright,wshadfourthei@slideshare.net,Male
Ambrosio,aphillisej@virginia.edu,Male
Flori,fcashleyek@163.com,Female
Cob,cjeanesel@cnet.com,Male
Suzanne,sflukesem@nifty.com,Female
Mycah,mbiasionien@rambler.ru,Male
Rebecca,rmacfauleo@twitter.com,Female
Gerhardt,gtomaschkeep@godaddy.com,Male
Hendrik,hrohaneq@homestead.com,Male
Lou,lgroomer@huffingtonpost.com,Female
Rosita,rallneres@trellian.com,Female
Nancie,npapeset@liveinternet.ru,Female
Sarah,sdillowayeu@xing.com,Female
Karel,krendallev@163.com,Female
Olivier,ofaireyew@si.edu,Male
Brok,btitlowex@craigslist.org,Male
Jim,jocurriganey@uol.com.br,Male
Rurik,rmaineez@constantcontact.com,Male
Rodrigo,rworksf0@friendfeed.com,Male
Stearne,slenahanf1@foxnews.com,Male
Misti,mfeldbergf2@bizjournals.com,Female
Dionysus,dnutmanf3@php.net,Male
Angelia,aschiesterlf4@pcworld.com,Female
Dara,djakubovskyf5@qq.com,Female
Daphene,dfrapwellf6@xinhuanet.com,Female
Lorens,lpogosianf7@unesco.org,Male
Glenda,galfonsof8@sitemeter.com,Female
Federico,flambaf9@adobe.com,Male
Nickolas,ngoterfa@amazon.com,Male
Joana,jtouseyfb@blog.com,Female
Christoph,cchattofc@shop-pro.jp,Male
Robinet,rcleavefd@over-blog.com,Female
Florence,fmoggiefe@amazon.de,Female
Marina,mmapletoftff@tinypic.com,Female
Aubert,apenwrightfg@pinterest.com,Male
Town,tpratonfh@acquirethisname.com,Male
Dorey,droubayfi@yahoo.com,Female
Spence,sbellofj@vinaora.com,Male
Willis,wgranthamfk@wisc.edu,Male
Willie,wbattistafl@photobucket.com,Female
Suzette,scowthardfm@ebay.co.uk,Female
Liv,lcollyfn@techcrunch.com,Female
Nikolas,nochiltreefo@columbia.edu,Male
Vinson,vsnarrfp@tripadvisor.com,Male
Chandler,cgoodingsfq@parallels.com,Male
Fletch,fsangofr@hostgator.com,Male
Hulda,huttingfs@house.gov,Female
Colin,cpoveyft@dagondesign.com,Male
Cecily,cmattissonfu@google.com.hk,Female
Austin,aettlesfv@adobe.com,Female
Daphne,dcasajuanafw@studiopress.com,Female
Yvonne,ylanfarefx@google.co.jp,Female
Alexine,aadrienfy@studiopress.com,Female
Grace,ggernierfz@altervista.org,Male
Skye,shillamg0@blogger.com,Male
Whit,wboeterg1@cisco.com,Male
Starlene,sleftlyg2@ehow.com,Female
Elsworth,ewhitelawg3@usnews.com,Male
Audie,ahoonahang4@imageshack.us,Female
Ibbie,igraceyg5@reuters.com,Female
Burtie,bivanchenkovg6@quantcast.com,Male
Mag,mcamerellog7@freewebs.com,Female
Minette,mthextong8@wsj.com,Female
Brittan,bdoweyg9@apple.com,Female
Margeaux,mpetrelloga@woothemes.com,Female
Willa,weastlakegb@qq.com,Female
Kelsy,ksmoutgc@webs.com,Female
Berta,bpeticangd@cbc.ca,Female
Marika,mbauduccioge@ucla.edu,Female
Davida,dmacalpynegf@artisteer.com,Female
Felecia,fcolthardgg@techcrunch.com,Female
Ingram,iwoofendellgh@census.gov,Male
Micheil,mjachimczakgi@engadget.com,Male
Trudey,tchampiongj@vinaora.com,Female
Stevena,spiggensgk@reverbnation.com,Female
Lyndsay,ldecleengl@economist.com,Female
Zita,zcosseygm@cpanel.net,Female
Nevsa,npetegregn@com.com,Female
Charline,chebardgo@fotki.com,Female
Sebastien,smacilhargygp@live.com,Male
Sandra,sludlammegq@globo.com,Female
Jennica,jgregangr@fotki.com,Female
Stearne,sclorleygs@csmonitor.com,Male
Hendrika,hmcgeevergt@amazon.com,Female
Wainwright,wthundersgu@aboutads.info,Male
Elwin,edestoopgv@craigslist.org,Male
Yevette,yfantingw@dedecms.com,Female
Erl,eyashingx@dailymotion.com,Male
Wiley,whaackgy@earthlink.net,Male
Verge,vcruftsgz@i2i.jp,Male
Berget,bsaintpierreh0@gnu.org,Female
Corliss,cshackletonh1@mapquest.com,Female
Abby,aespinosh2@hubpages.com,Female
Chalmers,cholburyh3@taobao.com,Male
Dudley,ddemalcharh4@live.com,Male
Steffen,strightonh5@bing.com,Male
Tibold,tamossh6@hexun.com,Male
Kinnie,kgregsh7@theguardian.com,Male
Stesha,sprinneh8@zdnet.com,Female
Caritta,cfrossellh9@dot.gov,Female
Dew,dreveyha@columbia.edu,Male
Farlee,ftitmanhb@wisc.edu,Male
Creighton,cgyorffyhc@cornell.edu,Male
Lanae,lbutehd@shop-pro.jp,Female
Rhodie,rstoppehe@people.com.cn,Female
Stephani,shartophf@netscape.com,Female
Levy,lgarfoothg@yellowbook.com,Male
Charisse,cyouellhh@independent.co.uk,Female
Peyter,pbarthruphi@flickr.com,Male
Connie,cliptrothj@live.com,Male
Fulvia,fgaineofenglandhk@umn.edu,Female
Maude,mfraulohl@ebay.com,Female
Parke,pstrettlehm@livejournal.com,Male
Bent,bbroxishn@quantcast.com,Male
Artur,asighardho@usda.gov,Male
Traci,tbrinehp@over-blog.com,Female
Miner,mlandonhq@amazon.co.jp,Male
Willem,wdeandreishr@unesco.org,Male
Niki,njindrakhs@unesco.org,Female
Felipa,fbegwellht@fotki.com,Female
Ranice,rsteuarthu@ca.gov,Female
Urban,ukerswillhv@51.la,Male
Blinnie,bbaxendalehw@mysql.com,Female
Laurette,lstorahhx@apple.com,Female
Esme,ejudsonhy@dion.ne.jp,Female
Karee,kbumhz@ucoz.ru,Female
Kristos,kfreckeltoni0@barnesandnoble.com,Male
Engelbert,egrievesi1@house.gov,Male
Dalt,dfriedenbachi2@t-online.de,Male
Raye,rphilippeti3@dot.gov,Female
Raf,rikini4@shop-pro.jp,Female
Kellsie,kmcteeri5@oracle.com,Female
Kathy,khebborni6@storify.com,Female
Franni,fjanwayi7@dmoz.org,Female
Reine,rtextoni8@blogs.com,Female
Frazer,ftrembloti9@theguardian.com,Male
Emelda,epriddleia@upenn.edu,Female
Kermie,kjillardib@homestead.com,Male
Ingeberg,identyic@sina.com.cn,Female
Benoit,bmacgauhyid@skyrock.com,Male
Roscoe,rormesherie@java.com,Male
Hy,hmacalroyif@upenn.edu,Male
Whitney,wkippieig@soundcloud.com,Male
Richart,rlimerickih@ow.ly,Male
Kennith,kstribblingii@bing.com,Male
Lazaro,lhousemanij@businessweek.com,Male
Cordy,clowellik@zimbio.com,Female
Evelyn,ecabrerail@chicagotribune.com,Male
Kippy,kkarpenyaim@indiegogo.com,Female
Mattie,mkingerbyin@a8.net,Female
Mair,mshorttio@uiuc.edu,Female
Oliy,opillingip@nsw.gov.au,Female
Jayme,jdwireiq@wikia.com,Male
Barris,bmaxweellir@multiply.com,Male
Moselle,mtullis@51.la,Female
Marlane,manstyit@cyberchimps.com,Female
Audi,aklulisekiu@livejournal.com,Female
Dilan,dkollachiv@pcworld.com,Male
Erik,emcguirkiw@cdc.gov,Male
Eugenie,efoortix@wufoo.com,Female
Koressa,kleroyiy@earthlink.net,Female
Filippo,fboddyiz@cam.ac.uk,Male
Fabien,faldusj0@cdbaby.com,Male
Martica,mcowdroyj1@biblegateway.com,Female
Abram,abattertonj2@unc.edu,Male
Bail,bsuttiej3@google.it,Male
Alyse,alegginj4@live.com,Female
Trev,tblachfordj5@reference.com,Male
August,astanylandj6@virginia.edu,Male
Horton,hmicallefj7@unc.edu,Male
Lucita,llillicoj8@mayoclinic.com,Female
Virgilio,vkingswoodj9@walmart.com,Male
Verine,vwillischja@webnode.com,Female
Berkie,broistonejb@google.de,Male
Mag,mwelberryjc@usgs.gov,Female
Nancy,ntwizelljd@hc360.com,Female
Knox,komolanje@blogs.com,Male
Olly,odowseyjf@columbia.edu,Female
Rourke,rrappjg@unblog.fr,Male
Jeniffer,jbedomejh@disqus.com,Female
Rodolph,rdyasji@si.edu,Male
Cherrita,cepiscopiojj@toplist.cz,Female
Langsdon,linworthjk@dell.com,Male
Yale,yebdenjl@usda.gov,Male
Sharline,sbuyjm@huffingtonpost.com,Female
Fransisco,ftettherjn@yahoo.com,Male
Valida,vprudhamjo@issuu.com,Female
Maddalena,mmargrettjp@4shared.com,Female
Sigismund,sswindellsjq@tripod.com,Male
Aundrea,aimmjr@squarespace.com,Female
Trever,tkinnanejs@chronoengine.com,Male
Peggi,prothermeljt@yolasite.com,Female
Zebulon,zlibriju@pinterest.com,Male
Hildy,hbladonjv@dot.gov,Female
Devland,dthurgoodjw@gizmodo.com,Male
Leeland,lgoronijx@wp.com,Male
Antonietta,asheeresjy@vkontakte.ru,Female
Tarrance,tgaskelljz@phpbb.com,Male
Quintin,qwaterstonek0@alibaba.com,Male
Colline,cmiskimmonk1@reverbnation.com,Female
Rosalinde,rangeark2@digg.com,Female
Midge,msoutherdenk3@unicef.org,Female
Henka,hcobbyk4@cnn.com,Female
Jessalyn,jbiesterfeldk5@apache.org,Female
Johnath,jpetrillok6@hc360.com,Female
Chip,cboatwrightk7@feedburner.com,Male
Whitney,wbadamk8@sphinn.com,Male
Dona,dfairclothk9@360.cn,Female
Kaila,kilemka@eepurl.com,Female
Jerald,jcheeverskb@github.com,Male
Laurella,lpetrovskykc@wordpress.com,Female
Ulises,uheistermannkd@buzzfeed.com,Male
Gussie,gsymingtonke@paypal.com,Female
Cacilie,cfenelowkf@indiatimes.com,Female
Shani,slammingkg@hhs.gov,Female
Demetra,dyurocjhinkh@google.com.hk,Female
Cathleen,clukaski@mac.com,Female
Tamas,tmocharkj@com.com,Male
Jose,jstarmerkk@gravatar.com,Male
Neille,nfairestkl@tripadvisor.com,Female
Hildagarde,hodellkm@bravesites.com,Female
Travus,tmongenotkn@phoca.cz,Male
Linnell,lfitzsymonko@msu.edu,Female
Michael,mtunbridgekp@wired.com,Male
Vivi,vflochkq@plala.or.jp,Female
Iorgo,isparkkr@technorati.com,Male
Sarina,ssherrardks@stumbleupon.com,Female
Noami,nhowerdkt@illinois.edu,Female
Heindrick,hmonkku@cornell.edu,Male
Lewiss,lchurcheskv@hc360.com,Male
Jordan,jmongeotkw@wp.com,Female
Delilah,dtackkx@sciencedirect.com,Female
Henri,hrolinky@tiny.cc,Male
Evanne,eratchfordkz@aol.com,Female
Mona,mcrockettl0@prweb.com,Female
Pansy,plapthornl1@reference.com,Female
Amelie,aornelasl2@salon.com,Female
Donall,dfribergl3@deviantart.com,Male
Eldin,ejimmisonl4@is.gd,Male
Doria,demlinl5@artisteer.com,Female
Aeriel,asedgebeerl6@seattletimes.com,Female
Waylan,wleasel7@discovery.com,Male
Aguste,aheindlel8@sciencedaily.com,Male
Gianni,gzanardiil9@netlog.com,Male
Roy,rmonsonla@sakura.ne.jp,Male
Sean,suzzelllb@admin.ch,Female
Reggis,rsomertonlc@scientificamerican.com,Male
Haroun,hogleyld@reuters.com,Male
Laryssa,lconcannonle@csmonitor.com,Female
Ezechiel,elinnardlf@examiner.com,Male
Salomo,schaplainlg@booking.com,Male
Angel,aspringtorplh@tumblr.com,Male
Mildred,msymmersli@myspace.com,Female
Joshua,jdubblelj@berkeley.edu,Male
Frederique,fcansdelllk@freewebs.com,Female
Amie,ahiggoell@freewebs.com,Female
Mia,mbathurstlm@latimes.com,Female
Rodolphe,rarnaultln@ucsd.edu,Male
Ingeberg,iblackmuirlo@jugem.jp,Female
Alva,acarryerlp@ycombinator.com,Male
Emlyn,esaunderlq@blogs.com,Female
Hyacinthia,hquarrielr@sakura.ne.jp,Female
Alexandra,adittyls@123-reg.co.uk,Female
Silvanus,showeslt@scribd.com,Male
Griffin,gbengtsenlu@lulu.com,Male
Obadiah,omacguirelv@ning.com,Male
Jack,jboullenlw@fda.gov,Male
Lynnett,lgoochlx@delicious.com,Female
Reese,rcusickly@yale.edu,Male
Lucius,lshelleylz@lycos.com,Male
Pincas,pcolloughm0@columbia.edu,Male
Holden,hnickersonm1@so-net.ne.jp,Male
Arty,adwirem2@weibo.com,Male
Rick,rmcgennism3@instagram.com,Male
Benedicto,bkinworthym4@jigsy.com,Male
Charmain,clegerm5@photobucket.com,Female
Allix,ajacklingsm6@dagondesign.com,Female
Merrel,mbemlottm7@cisco.com,Male
Virgil,vpauwelm8@yandex.ru,Male
Ann-marie,alashbrookm9@si.edu,Female
Cort,cthireauma@cyberchimps.com,Male
Corey,cbwyemb@dmoz.org,Female
Towney,tsissemc@microsoft.com,Male
Sephira,snuzzettimd@aboutads.info,Female
Alecia,athompsonme@weebly.com,Female
Onofredo,orevansmf@yellowpages.com,Male
Martyn,mrabbetmg@biblegateway.com,Male
Karlan,ktiltmh@ed.gov,Male
Ranique,rlilionmi@aboutads.info,Female
Raviv,rdanielmj@blogspot.com,Male
Levy,lmclavertymk@blogtalkradio.com,Male
Alameda,aadsheadml@weibo.com,Female
Emera,ekubicamm@nbcnews.com,Female
Ignacio,ibossinghammn@edublogs.org,Male
Leanna,lavardmo@vinaora.com,Female
Caren,cshepherdsonmp@ucla.edu,Female
Karrah,khaggerstonmq@cdc.gov,Female
Neddy,nrattriemr@dailymotion.com,Male
Linzy,lwackettms@unicef.org,Female
Dorris,dwengermt@barnesandnoble.com,Female
Babbie,bpokermu@uiuc.edu,Female
Sophia,sthemannmv@google.ca,Female
Teriann,tplampinmw@myspace.com,Female
Jimmie,jfozzardmx@patch.com,Male
Cammie,cjanauschekmy@t-online.de,Female
Celka,ccastelainmz@xrea.com,Female
Janie,jbeldomn0@tumblr.com,Female
Miquela,msproulsn1@cyberchimps.com,Female
Teddi,tmonellen2@github.io,Female
Abby,apancastn3@networkadvertising.org,Female
Laura,lpeetn4@bing.com,Female
Josiah,jchittemn5@digg.com,Male
Roby,rgyppesn6@creativecommons.org,Female
Kati,kseargeantn7@yellowbook.com,Female
Kristoffer,ksmythinn8@reddit.com,Male
Major,mrosson9@photobucket.com,Male
Francyne,fetherseyna@fc2.com,Female
Gratiana,gchatbandnb@zdnet.com,Female
Ryley,rpratleync@intel.com,Male
Peirce,pmckernannd@slate.com,Male
Cati,cpoline@mozilla.org,Female
Franklin,fsotworthnf@pinterest.com,Male
Carlyle,cbenedictng@networksolutions.com,Male
Katha,kritchardnh@woothemes.com,Female
Arnuad,ahamlettni@fema.gov,Male
Mikey,maxstonnj@unc.edu,Male
Norrie,nmckibbinnk@godaddy.com,Female
Sheba,sgorkenl@sciencedaily.com,Female
Lionello,lbeattynm@fema.gov,Male
Halsey,hcharlenn@usgs.gov,Male
Margette,mvianno@theguardian.com,Female
Barney,btaschnp@mtv.com,Male
Bruis,bleelnq@flavors.me,Male
Pren,ppeircenr@walmart.com,Male
Tabatha,tdabinettns@hubpages.com,Female
Bruce,bsimnettnt@purevolume.com,Male
Catharina,ccicchillonu@spiegel.de,Female
Justus,jdutteridgenv@eepurl.com,Male
Codie,cbotwoodnw@npr.org,Male
Traci,tmcgowannx@si.edu,Female
Ingram,irudramny@cbc.ca,Male
Lalo,lrostonnz@ifeng.com,Male
Juliane,jscintsburyo0@smugmug.com,Female
Francene,fescaleroo1@dailymail.co.uk,Female
Corrie,cragoto2@comsenz.com,Female
Kaia,kcosbeyo3@weebly.com,Female
Maude,mhanneyo4@bloomberg.com,Female
Imogene,igueinno5@fema.gov,Female
Henrik,hgroundwatoro6@furl.net,Male
Sherlock,sdresseo7@istockphoto.com,Male
Merissa,mcutlero8@php.net,Female
Thorndike,tsadgroveo9@cnbc.com,Male
Shaylyn,srolinsonoa@1688.com,Female
Aida,asnailhamob@apple.com,Female
Mariam,mburgynoc@4shared.com,Female
Jarrad,jamissod@nasa.gov,Male
Patricia,pgoodbairnoe@chicagotribune.com,Female
Hillie,houghof@merriam-webster.com,Male
Massimo,mbrightieog@vkontakte.ru,Male
Petronille,polivetoh@slideshare.net,Female
Kalil,kmccaughranoi@europa.eu,Male
Moyra,mkalbereroj@bravesites.com,Female
Stepha,scapesok@php.net,Female
Yasmeen,ychapelhowol@hugedomains.com,Female
Melisse,mgeeom@bing.com,Female
Glad,gmollisonon@sfgate.com,Female
Nikkie,ngurdenoo@freewebs.com,Female
Laughton,lbagotop@si.edu,Male
Bradley,blapreoq@meetup.com,Male
Hal,hanearor@mozilla.org,Male
Geoff,gkoppeos@spiegel.de,Male
Orbadiah,obourgeoisot@theglobeandmail.com,Male
Preston,pdionisou@furl.net,Male
Sanson,sruckertov@pagesperso-orange.fr,Male
Patricio,pbourdelow@ucsd.edu,Male
Baxie,beagleshamox@washingtonpost.com,Male
Elysha,eskinnoy@gmpg.org,Female
Mario,msempilloz@over-blog.com,Male
Ashley,ablazejp0@cnet.com,Male
Konstanze,kgebbyp1@independent.co.uk,Female
Jacky,jsheronp2@nih.gov,Female
Anabal,astainbridgep3@tinypic.com,Female
Sayre,sivanikovp4@4shared.com,Male
Dagmar,ddawkinsp5@hibu.com,Female
Frank,felldredp6@nature.com,Female
Colver,cmacdunleavyp7@blogs.com,Male
Melinde,mziemp8@dmoz.org,Female
Jaclyn,jstenyngp9@opensource.org,Female
Lizzy,lnancarrowpa@statcounter.com,Female
Millard,mtankardpb@quantcast.com,Male
Mallory,mwhostonpc@a8.net,Male
Garrick,gsebleypd@domainmarket.com,Male
Zola,zstubbertpe@reference.com,Female
Kathryne,kjoannicpf@surveymonkey.com,Female
Irita,iragglespg@free.fr,Female
Emlyn,eredfernph@sakura.ne.jp,Female
Cathie,crainypi@godaddy.com,Female
Jena,jwedlockpj@ihg.com,Female
Gustie,gteresipk@mayoclinic.com,Female
Nikolai,ndawdrypl@yandex.ru,Male
Harmonie,hmacalpynepm@digg.com,Female
Cecilius,cburrellspn@plala.or.jp,Male
Cathrine,cfortmanpo@oracle.com,Female
Tildy,treapp@tiny.cc,Female
Denise,dredgrovepq@java.com,Female
Lindsay,lgattypr@adobe.com,Male
Ophelia,okeareyps@opensource.org,Female
Simmonds,ssherwoodpt@fc2.com,Male
Vicki,vchinnockpu@deviantart.com,Female
Mabelle,mmarousekpv@craigslist.org,Female
Nona,nmackellerpw@blinklist.com,Female
Lilllie,lbearmanpx@netscape.com,Female
Patin,pbrettelpy@arizona.edu,Male
Ignacius,imcpaikpz@samsung.com,Male
Broddie,bteapeq0@github.com,Male
Raffarty,rginnellyq1@nasa.gov,Male
Licha,lfawleyq2@miibeian.gov.cn,Female
Eada,eobradaneq3@cbslocal.com,Female
Wally,wpriddeyq4@google.com.hk,Male
Janaya,jnarducciq5@slideshare.net,Female
Lorrin,lbinksq6@hugedomains.com,Female
Zorine,zradolfq7@angelfire.com,Female
Cathrine,cmaliffeq8@shareasale.com,Female
Leeland,lkingwellq9@storify.com,Male
Glenn,gcowellqa@bing.com,Male
Tamma,twanlessqb@chicagotribune.com,Female
Danyelle,dburnelqc@reddit.com,Female
Lotty,lwarsapqd@trellian.com,Female
Edithe,echinnockqe@vk.com,Female
Kakalina,kcorkelqf@redcross.org,Female
Doroteya,dfransinelliqg@last.fm,Female
Kenyon,kdingleqh@themeforest.net,Male
Dode,dlefeaverqi@washingtonpost.com,Female
Worthington,wbaakeqj@state.tx.us,Male
Odelle,oalcidoqk@nih.gov,Female
Kelli,kbraunesql@youtube.com,Female
Gibbie,gbattlestoneqm@vinaora.com,Male
Immanuel,ikitcatqn@photobucket.com,Male
Gerik,glabdonqo@mail.ru,Male
Philbert,povenqp@sbwire.com,Male
Rubie,rgavinqq@e-recht24.de,Female
Jean,jlangmanqr@booking.com,Male
Hallsy,hfoakesqs@phoca.cz,Male
Ketty,khuxleyqt@about.me,Female
Myrta,mmauchlinequ@craigslist.org,Female
Kathryne,kcerieqv@craigslist.org,Female
Lory,lkurtenqw@issuu.com,Female
Cassi,cprintqx@imageshack.us,Female
Lizabeth,lsellorqy@nyu.edu,Female
Tamiko,tvannetqz@auda.org.au,Female
Franciskus,falgorer0@ask.com,Male
Joyann,jcomettir1@imageshack.us,Female
Glenine,glansdowner2@digg.com,Female
Nanine,nmullyr3@xinhuanet.com,Female
Leonidas,lmatysikr4@so-net.ne.jp,Male
Nadeen,ngristr5@deviantart.com,Female
Any,aworgenr6@vinaora.com,Male
Felecia,frendallr7@yahoo.com,Female
Nelly,ndomleor8@sogou.com,Female
Adolpho,adawr9@quantcast.com,Male
Glory,gyukhovra@ibm.com,Female
Chico,cblunnrb@dailymotion.com,Male
Ty,tmerredyrc@archive.org,Male
Kristyn,kpollardrd@biblegateway.com,Female
Marcello,mkamallre@scientificamerican.com,Male
Winonah,wsoggeerf@cyberchimps.com,Female
Becky,bcawtherarg@wunderground.com,Female
Freemon,folongainrh@phpbb.com,Male
Blaine,bpinderri@squidoo.com,Male
Creight,calsinarj@loc.gov,Male
Ryon,renglefieldrk@boston.com,Male
Anatollo,aosgardbyrl@aol.com,Male
Rockwell,rfahyrm@fastcompany.com,Male
Fraze,fkoomarrn@chicagotribune.com,Male
John,jbrumheadro@google.ca,Male
Dolly,dhubyrp@mozilla.com,Female
Felic,fkadarrq@virginia.edu,Male
Hamnet,hjordonrr@telegraph.co.uk,Male
