name,email,size
Clarinda,cmcsarry0@friendfeed.com,XS
Verina,vsheardown1@google.com.hk,XL
Anthea,ahillen2@quantcast.com,3XL
Rozina,rsandeman3@theatlantic.com,3XL
Shel,schester4@rakuten.co.jp,M
Martainn,mprator5@diigo.com,2XL
Kerwinn,kfosken6@typepad.com,XS
Damian,dashlin7@naver.com,XL
Ferdinanda,fsymcox8@bluehost.com,XL
Chrisy,cafonso9@addthis.com,L
Susannah,sarendta@flavors.me,S
Crosby,cgenneyb@accuweather.com,S
Iain,ivasec@shop-pro.jp,XS
Josephine,jbriamod@sfgate.com,2XL
Miguelita,mockleshawe@dyndns.org,3XL
Gery,gburchmoref@instagram.com,S
Orrin,odiamondg@wikimedia.org,S
Nathanil,nnicheh@infoseek.co.jp,XL
Anna-diane,aloinsi@kickstarter.com,M
Philipa,pdrakej@wunderground.com,3XL
Suzy,slowlesk@jigsy.com,L
Eran,ebohmanl@marketwatch.com,XL
Olenka,oblaszczakm@apple.com,2XL
Bradly,bgonthardn@multiply.com,XL
Vic,vswindleyo@loc.gov,L
Gannie,geverexp@dion.ne.jp,XL
Madelina,mkopischq@mail.ru,3XL
Barbara,benderler@goodreads.com,S
Rory,rivanikovs@eepurl.com,L
Harris,hsyrest@hugedomains.com,S
Felix,fflanneu@netscape.com,XL
Aura,awisdishv@trellian.com,XL
Fulton,fmorchw@dion.ne.jp,M
Tawnya,tnorledgex@twitpic.com,S
Brandy,bmartyntsevy@economist.com,XS
Jeffy,jullyottz@nifty.com,L
Rafaelia,rhaigh10@nytimes.com,S
Opaline,obredbury11@bloomberg.com,XS
Ettie,evernay12@about.me,M
Laverna,lcatcheside13@exblog.jp,2XL
Aeriela,acrampin14@mashable.com,3XL
Rey,relward15@nymag.com,M
Gale,ggallienne16@multiply.com,XL
Jori,jlidgely17@marriott.com,M
Fanchette,fdayes18@latimes.com,XL
Hynda,htaile19@pagesperso-orange.fr,S
Candide,csterrie1a@techcrunch.com,M
Blondy,bcarren1b@intel.com,3XL
Eli,emogg1c@imgur.com,S
Arlana,ahalladey1d@fema.gov,XS
Brittne,bportugal1e@lycos.com,L
Robinette,rrubbens1f@networkadvertising.org,M
Arman,aalflatt1g@cpanel.net,L
Jayme,jwakes1h@washingtonpost.com,S
Salim,smcshirie1i@usda.gov,XS
Muriel,mlaughtisse1j@canalblog.com,XS
Gorden,gcluett1k@google.com.au,L
Thacher,tpeirson1l@mayoclinic.com,M
Yves,ysheed1m@indiatimes.com,L
Sue,smajury1n@patch.com,M
Casper,cdawidowitz1o@usda.gov,S
Carmen,cbovaird1p@prlog.org,S
Matelda,mtrengrouse1q@artisteer.com,3XL
Kerrin,kmillward1r@fema.gov,S
Glynnis,gdugget1s@oakley.com,XS
Tiertza,treucastle1t@pbs.org,XL
Lou,lroj1u@stumbleupon.com,L
Xylina,xgoncalo1v@desdev.cn,L
Rafe,rvasilyev1w@miibeian.gov.cn,XS
Tobye,tillwell1x@meetup.com,L
Alexandro,areichert1y@fastcompany.com,XL
Erskine,eparkyns1z@hao123.com,S
Brant,bshervington20@nyu.edu,XS
Dunstan,dmarkson21@cnbc.com,S
Deeann,dlockier22@typepad.com,S
Olly,odrewery23@salon.com,S
Reade,rspradbery24@google.de,S
Rog,rpoundford25@51.la,M
Amii,alomb26@freewebs.com,M
Allix,akisbey27@engadget.com,XS
Evita,ebohlingolsen28@cam.ac.uk,L
Thedric,tstanborough29@dmoz.org,XL
Brigitta,bcullimore2a@ftc.gov,S
Orran,ostarrs2b@telegraph.co.uk,S
Wilbert,wgreyes2c@berkeley.edu,3XL
Julienne,jgarretson2d@nytimes.com,2XL
Luelle,llannon2e@indiatimes.com,3XL
Sheryl,scook2f@woothemes.com,2XL
Lizbeth,lbradforth2g@nsw.gov.au,2XL
Marja,mhiddersley2h@umich.edu,L
Gnni,gmcpeck2i@flickr.com,3XL
Rosalinde,rblyde2j@cpanel.net,M
Gibbie,greddlesden2k@skyrock.com,2XL
Cass,chiom2l@fc2.com,XL
Nell,ncotterel2m@shareasale.com,2XL
Vickie,vrait2n@github.io,3XL
Carry,cveltman2o@sohu.com,S
Arvie,alailey2p@hud.gov,XL
Anestassia,amaunton2q@umich.edu,XL
Edan,efroggatt2r@stanford.edu,3XL
Terrye,tcotte2s@cargocollective.com,2XL
Haleigh,hnewbury2t@addthis.com,XL
Baxy,binde2u@unc.edu,XL
Ruby,rholsey2v@washington.edu,XS
Torie,tblaszczyk2w@dot.gov,XS
Shelby,seaston2x@blogs.com,3XL
Charissa,cable2y@narod.ru,S
El,erohlfing2z@shop-pro.jp,M
Ingunna,iivanenkov30@statcounter.com,S
Alyda,alippo31@admin.ch,2XL
Jermaine,jstenner32@networksolutions.com,L
Bee,bfears33@ovh.net,S
Bill,bminithorpe34@microsoft.com,XS
Benjamin,bsnary35@devhub.com,XL
Franciska,fwhittam36@shareasale.com,3XL
Ivar,inowill37@comsenz.com,M
Dino,dalderson38@newyorker.com,XS
Renaud,rbirkwood39@ox.ac.uk,XL
Damaris,dmarte3a@nasa.gov,M
Hal,htreuge3b@dailymail.co.uk,S
Bartolemo,bbrute3c@google.com.hk,M
Torey,tmcbrier3d@mtv.com,L
Bastien,bleaney3e@google.cn,2XL
Gusty,gspincks3f@woothemes.com,XS
Vitoria,vkennion3g@abc.net.au,M
Nappy,ntruter3h@yolasite.com,XL
Bo,bcornilleau3i@mozilla.org,XL
Malinde,mpughsley3j@gov.uk,L
Sindee,slafrentz3k@freewebs.com,L
Davina,dnovak3l@soup.io,XS
Cati,chindmore3m@nifty.com,2XL
Carr,cfollet3n@google.ru,M
Vladimir,vmonkton3o@dot.gov,M
Lorilyn,llodin3p@pen.io,XL
Phebe,pjahnel3q@sourceforge.net,2XL
Neill,nmcward3r@spiegel.de,M
Gasparo,gkeenlyside3s@walmart.com,2XL
Land,lphlippsen3t@nytimes.com,2XL
Auberta,aandrejs3u@elegantthemes.com,S
Isobel,ihoutbie3v@discovery.com,2XL
Ashby,avolante3w@yellowpages.com,2XL
Deedee,dbridal3x@blogger.com,L
Pippy,pmartel3y@csmonitor.com,XL
Katharyn,kzuann3z@phoca.cz,S
Saree,sbartholat40@surveymonkey.com,3XL
Karilynn,kduchart41@yellowbook.com,L
Carmel,cturbat42@jugem.jp,3XL
Tootsie,tklus43@cdc.gov,3XL
Mirabella,mpurdon44@theatlantic.com,S
Marshal,mcatto45@whitehouse.gov,3XL
Stu,smcfarland46@blinklist.com,XL
Nancee,nandreassen47@ehow.com,XL
Cris,cmaynard48@google.com.au,2XL
Theobald,tgreatex49@tinyurl.com,XL
Vinson,vguerola4a@bbc.co.uk,M
Dexter,dhallor4b@webmd.com,XS
Tomkin,tthiolier4c@apache.org,XS
Templeton,tpargeter4d@nps.gov,M
Meredeth,mvanarsdalen4e@wikipedia.org,2XL
Angelina,aporrett4f@opera.com,L
Bartolomeo,bmacmearty4g@moonfruit.com,S
Aubree,alewsam4h@unc.edu,3XL
Ruddy,rsweetzer4i@trellian.com,3XL
Tedman,tletherbury4j@jiathis.com,3XL
Dulci,dstonary4k@bloglovin.com,M
Hakeem,hbanks4l@skype.com,M
Brand,briddle4m@youtu.be,S
Emmery,egreguoli4n@ask.com,S
Lyndel,lmallabund4o@posterous.com,L
Phyllys,pgallimore4p@mac.com,L
Daphne,dlory4q@vk.com,XS
Damon,drobertsson4r@canalblog.com,XL
Rollo,rmathieu4s@discovery.com,L
Adam,amitchelson4t@joomla.org,3XL
Nikolai,nkitman4u@netscape.com,XS
Tucker,tpritty4v@delicious.com,3XL
Caro,cbucklan4w@com.com,3XL
Christan,cedgin4x@storify.com,S
Conrade,cfiridolfi4y@jigsy.com,XL
Dorey,dperrott4z@comcast.net,M
Hamil,hgellibrand50@github.com,S
Hendrika,hpetican51@digg.com,M
Kaleena,kcurtayne52@java.com,XS
Belva,bdudman53@studiopress.com,S
Klara,kblenkinship54@mashable.com,S
Maxi,mledrun55@furl.net,XS
Andrea,aroussell56@soundcloud.com,3XL
Mischa,mdowles57@bloglovin.com,2XL
Marillin,mgallichan58@scribd.com,2XL
Currie,clearmount59@wordpress.com,L
Tiffy,tforster5a@oracle.com,XL
Dee dee,dgriswaite5b@is.gd,XL
Keenan,kgrenkov5c@list-manage.com,XL
Bernardo,bcheale5d@baidu.com,XS
Wallie,wsmitton5e@unblog.fr,3XL
Melanie,mpietesch5f@ucoz.com,M
Lindon,lastlet5g@blogspot.com,XL
Chase,cregenhardt5h@seesaa.net,2XL
Arny,aarsnell5i@wikispaces.com,3XL
Leticia,ltanser5j@shop-pro.jp,XL
Cello,ckarlowicz5k@reuters.com,2XL
Elihu,efraczkiewicz5l@vinaora.com,L
Agosto,adeetch5m@bloomberg.com,L
Wallas,wbyfford5n@ucoz.com,XS
Rowen,rrosendorf5o@reverbnation.com,XL
Obie,omichell5p@t.co,S
Wally,wmarian5q@soundcloud.com,L
Betteann,bingilson5r@theguardian.com,XS
Doloritas,dkiss5s@prlog.org,XL
Otis,oramberg5t@quantcast.com,S
Emiline,elindenberg5u@pbs.org,XL
Faber,fclemon5v@imageshack.us,L
Maren,mmaine5w@jigsy.com,L
Wynn,wcinavas5x@altervista.org,S
Brad,bhaffner5y@tinyurl.com,2XL
Raimund,rturnpenny5z@gmpg.org,M
Mignonne,mdacey60@alexa.com,L
Noak,nargo61@multiply.com,M
Rayna,rboreland62@fotki.com,3XL
Valencia,vfilipyev63@deliciousdays.com,XL
Julita,jgalbraeth64@ycombinator.com,S
Aluino,agarbert65@webnode.com,XL
Edd,eavison66@dion.ne.jp,L
Grantley,gmote67@reverbnation.com,M
Jeni,jsteggles68@pagesperso-orange.fr,S
Milton,mfurlow69@cocolog-nifty.com,XS
Sara-ann,sphilpott6a@goodreads.com,XS
Fleming,fwalling6b@alibaba.com,L
Angelica,asheere6c@businesswire.com,S
Tommi,tedginton6d@jimdo.com,M
Marcile,mlaroux6e@wordpress.org,L
Shina,spuckring6f@sun.com,L
Bobbie,bbefroy6g@friendfeed.com,XL
Anatola,ajankin6h@senate.gov,XS
Shanna,sdugdale6i@printfriendly.com,XS
Helen,hdavsley6j@blogger.com,XS
Clerissa,cfonzone6k@exblog.jp,L
Jenni,jgove6l@github.com,XL
Karita,krouby6m@mashable.com,2XL
Stephanie,swoolard6n@scientificamerican.com,M
Wildon,wmartinec6o@lycos.com,M
Almira,acreane6p@cisco.com,3XL
Sherline,sduggen6q@printfriendly.com,3XL
Dana,dtorel6r@icq.com,XS
Anne,alowin6s@webs.com,XL
Ingra,ihagland6t@huffingtonpost.com,XS
Bruce,blewis6u@photobucket.com,S
Ignacius,iallan6v@hugedomains.com,M
Seka,svasyutichev6w@wunderground.com,M
Brunhilde,bmcsaul6x@bloglines.com,2XL
Thornton,tmoakler6y@topsy.com,S
Belia,bportsmouth6z@mit.edu,XS
Fitz,fcloughton70@sina.com.cn,2XL
Emlyn,etrimble71@smh.com.au,L
Holli,hswale72@infoseek.co.jp,2XL
Katinka,kakast73@tinyurl.com,XL
Wylma,wlente74@chronoengine.com,3XL
Chrysler,cgoaks75@com.com,XL
Corilla,cwadie76@miibeian.gov.cn,M
Sandy,slaytham77@webnode.com,L
Nicoli,nwestrey78@telegraph.co.uk,XL
Jacinta,jdeyes79@livejournal.com,S
Kipper,kkabsch7a@theatlantic.com,2XL
Finley,fweaver7b@technorati.com,M
Yance,ymorrant7c@ca.gov,M
Durward,dvergo7d@altervista.org,3XL
Kathi,kbenedek7e@dyndns.org,2XL
Karalee,kgorling7f@mail.ru,M
Zelma,zroke7g@reuters.com,S
Rahel,rkitchingham7h@nba.com,2XL
Tami,tviall7i@webeden.co.uk,3XL
Chiquia,ctreffry7j@e-recht24.de,S
Leanor,ltunmore7k@gov.uk,M
Ava,aocurrigan7l@fastcompany.com,3XL
Deva,dcrayk7m@nyu.edu,2XL
Jasmina,jwingate7n@geocities.jp,M
Delainey,droxbrough7o@loc.gov,S
Eugenio,eallabarton7p@google.co.jp,XS
Martyn,mjerson7q@printfriendly.com,2XL
Drucill,dornils7r@weebly.com,L
Laurie,leilers7s@1688.com,L
Dallas,djosofovitz7t@plala.or.jp,2XL
Andee,awinward7u@sbwire.com,XS
Marabel,mroyson7v@netvibes.com,3XL
Pam,pcasetti7w@tiny.cc,L
Hetti,htilio7x@gizmodo.com,L
Mora,mfrarey7y@quantcast.com,S
Mordy,mdarey7z@mapy.cz,2XL
Brig,bgaineofengland80@spiegel.de,XS
Emeline,elemmen81@wiley.com,S
Bartolomeo,bcurrm82@altervista.org,M
Harvey,hbaptist83@artisteer.com,M
Annabel,aheak84@google.com.br,M
Ezri,edebruijn85@flickr.com,XL
Cherie,cgorsse86@usatoday.com,M
Olympe,ocelez87@foxnews.com,XS
Abba,amanuel88@delicious.com,3XL
Donna,dhessle89@barnesandnoble.com,XL
Hyman,hrizzolo8a@blogger.com,XL
Helen-elizabeth,hhudspith8b@macromedia.com,XL
Gisele,gbernier8c@chron.com,M
Dian,dmccarroll8d@bloglovin.com,2XL
Bernard,bdast8e@123-reg.co.uk,M
Jacob,jbridgeman8f@usgs.gov,XS
Harli,hmcmurraya8g@nature.com,L
Kikelia,ksamworth8h@zimbio.com,L
Karlene,kdupoy8i@1688.com,XS
Conrado,cauletta8j@engadget.com,2XL
Lavinie,lgulvin8k@sbwire.com,M
Benjamen,brigard8l@unblog.fr,S
Dene,dpactat8m@aboutads.info,M
Bobina,bruppert8n@cnet.com,S
Gabbey,gweeds8o@columbia.edu,XL
Evangelin,ecarslaw8p@sciencedirect.com,3XL
Sandra,smurdie8q@liveinternet.ru,2XL
Lanie,lgarrals8r@phpbb.com,3XL
Justus,jvandecastele8s@mashable.com,L
Cleo,cosgarby8t@lycos.com,M
Lurette,lclaybourn8u@g.co,S
Pris,pwhacket8v@techcrunch.com,3XL
Blinni,bcrus8w@shop-pro.jp,M
Hulda,hpotteridge8x@phoca.cz,XS
Kerrin,khatch8y@google.de,3XL
Guntar,gtimblett8z@godaddy.com,XS
Aveline,arabb90@youtube.com,3XL
Cathleen,cdomengue91@yellowpages.com,XS
Merell,mkarpfen92@wordpress.com,L
Veronike,vdupre93@accuweather.com,XS
Max,mbarcke94@topsy.com,3XL
Templeton,teringey95@hexun.com,2XL
Clevey,crushmare96@facebook.com,XL
Mufi,mlemonnier97@jigsy.com,S
Jud,jfletcher98@patch.com,2XL
Daryle,dradoux99@constantcontact.com,3XL
Clayson,cweekley9a@msn.com,M
Gilbertine,gmccrostie9b@flavors.me,2XL
Hansiain,hconduit9c@dropbox.com,S
Amble,asyphus9d@w3.org,2XL
Cass,cfirks9e@google.de,M
Jan,jtatton9f@dailymail.co.uk,XS
Belle,bharber9g@webmd.com,L
Lucina,lmcgeever9h@mit.edu,XL
Rahal,rnineham9i@printfriendly.com,2XL
Sofia,sandreolli9j@hhs.gov,XL
Constantino,cwaplington9k@noaa.gov,2XL
Nady,nwhaplington9l@posterous.com,3XL
Cecil,crowcliffe9m@businessinsider.com,XS
Lotti,ledelheit9n@i2i.jp,L
Augustus,amorter9o@weibo.com,S
Gigi,gwonfar9p@springer.com,XS
Isabella,igreenside9q@about.me,XL
Esra,estruthers9r@google.co.uk,XS
Tootsie,tlyptrade9s@hhs.gov,XL
Shurwood,sfossick9t@ocn.ne.jp,XL
Buffy,btilby9u@de.vu,XL
Coletta,cdeeprose9v@state.tx.us,XL
Maurizia,mlonglands9w@wikipedia.org,L
Lewie,ljacob9x@dyndns.org,L
Kelsy,kianetti9y@cnbc.com,M
Ilene,imolohan9z@house.gov,XL
Netta,nreaneya0@opensource.org,M
Tabbitha,tcotilarda1@apache.org,3XL
Bobbie,bjefferya2@latimes.com,M
Ramona,rstogilla3@tumblr.com,2XL
Ezequiel,epasticznyka4@plala.or.jp,3XL
Waneta,wlaughnana5@amazon.de,XS
Benedetta,boldfielda6@dagondesign.com,XL
Randi,rthorneyworka7@theglobeandmail.com,L
Charmane,crattraya8@oakley.com,3XL
Pyotr,prennebecka9@usatoday.com,L
Arlene,acrudgintonaa@miitbeian.gov.cn,XL
Clemmy,czanussiiab@hp.com,M
Merissa,mfilippazzoac@i2i.jp,3XL
Buddy,bkopfad@ow.ly,3XL
Maddie,mcovillae@xing.com,S
Johnna,jjosephyaf@ezinearticles.com,2XL
Ravi,rkynanag@tuttocitta.it,XS
Nero,nblincoeah@vimeo.com,2XL
Somerset,sweatheyai@ning.com,2XL
Nefen,nspruceaj@arstechnica.com,XL
Orelia,otalak@uol.com.br,XL
Jolyn,jyearneal@miibeian.gov.cn,2XL
Lucretia,lladbrookam@nsw.gov.au,XL
Oberon,oingerithan@google.ca,S
Noam,ngarredao@woothemes.com,2XL
Agnesse,acullerneap@oracle.com,S
Fedora,fbyramaq@seattletimes.com,3XL
Brockie,bcolvinar@phpbb.com,M
Rodd,rmorvilleas@squidoo.com,XS
Jo ann,jsargintat@pen.io,S
Elsie,ekermeenau@prweb.com,3XL
Leontine,lburburoughav@soup.io,S
Aveline,abrignallaw@vkontakte.ru,3XL
Natividad,nallenax@columbia.edu,M
Johannah,jaronovitzay@omniture.com,2XL
Dahlia,dsabatieraz@ucoz.com,S
Aldous,asquireb0@yolasite.com,XS
Fabio,fprineb1@skyrock.com,S
Meggie,mmcneiceb2@blogtalkradio.com,2XL
Garrard,gfurnissb3@ihg.com,2XL
Nero,nmarchamb4@wiley.com,2XL
Gabriell,gmewsb5@nymag.com,3XL
Lydie,lmaudlenb6@mit.edu,XS
Danette,dmulvanyb7@mlb.com,M
Jamey,jgoobleb8@sina.com.cn,2XL
Ilse,iportchb9@reuters.com,3XL
Andriette,amuxworthyba@goodreads.com,M
Drona,deggertonbb@weebly.com,L
Justus,jdaoutbc@time.com,2XL
Goldina,gcaylebd@reuters.com,L
Regina,rthomkinsbe@cyberchimps.com,2XL
Brinn,blockleybf@networksolutions.com,2XL
Simon,sgennrichbg@wikimedia.org,XL
Cora,calfordebh@cbc.ca,M
Cornall,csimonoubi@ebay.co.uk,S
Chrystel,cgabbatissbj@trellian.com,3XL
Jenifer,jblaxallbk@jimdo.com,L
Conny,chumblestonebl@wsj.com,2XL
Lusa,lbartensbm@booking.com,M
Marissa,mbaffinbn@blogspot.com,M
Ad,asmootebo@arstechnica.com,XS
Magda,mrainsburybp@uol.com.br,S
Ogden,othurnhambq@behance.net,S
Cissy,cklaggebr@wisc.edu,3XL
Teodorico,thairsbs@xing.com,S
Eddy,egranleesebt@springer.com,XS
Nonah,nlowerbu@who.int,3XL
Eleanora,ehartybv@prweb.com,3XL
Anny,akarolewskibw@digg.com,L
Tootsie,tleishmanbx@feedburner.com,M
Timmi,tlinesby@github.com,3XL
Amalle,apopebz@qq.com,3XL
Gabi,gcubbinic0@ezinearticles.com,XL
Alleyn,aperriec1@elpais.com,L
Neal,ncheatlec2@over-blog.com,3XL
Filia,fevertc3@wunderground.com,XL
Emalee,etonkinc4@netlog.com,S
Weston,wtomleyc5@yahoo.co.jp,3XL
Tiffy,tfergussonc6@illinois.edu,3XL
Kip,khatzarc7@economist.com,M
Jodi,jgummaryc8@psu.edu,XL
Margarita,mairsc9@google.de,2XL
Jeralee,jskuseca@tmall.com,M
Angeline,akoschkecb@purevolume.com,XL
Lavinie,lmunfordcc@nsw.gov.au,3XL
Ring,rheymanncd@whitehouse.gov,L
Nancy,ntolmance@barnesandnoble.com,L
Hedwig,hheatlycf@ibm.com,M
Jorey,jpatmancg@studiopress.com,XS
Dallas,dtysonch@booking.com,L
Donavon,dpitcaithlyci@taobao.com,XS
Florry,fbrosekecj@census.gov,XS
Thorvald,tsiredck@washingtonpost.com,XS
Brendan,blampscl@archive.org,XL
Ignazio,iaspcm@state.gov,M
Trescha,tmuehlercn@gmpg.org,3XL
Celeste,cromneyco@arizona.edu,3XL
Mariquilla,mnewittcp@webeden.co.uk,XL
Clarisse,cloranscq@163.com,L
Douglas,deliasencr@mediafire.com,S
Koenraad,kebbettscs@hao123.com,2XL
Marlee,mmanssuerct@usatoday.com,3XL
Konstance,klinhamcu@yahoo.com,M
Holmes,hpickovercv@symantec.com,L
Colette,csherebrookcw@ted.com,S
Pancho,pcoulstoncx@accuweather.com,2XL
Sibilla,scubbinicy@hp.com,XS
Vittorio,vaprilcz@apache.org,XL
Cissy,cshoardd0@nps.gov,XL
Llywellyn,lfilewoodd1@facebook.com,M
Jasun,jgarciad2@51.la,S
Dorolice,dandrichd3@chronoengine.com,3XL
Antonius,abodiamd4@businessweek.com,S
Tressa,tmoloneyd5@edublogs.org,3XL
Arlen,agrobd6@state.tx.us,XL
Jarib,jfulkd7@tamu.edu,M
Goddart,gsaxelbyd8@vimeo.com,2XL
Lizette,lbrisland9@twitter.com,M
Gabby,gdewareda@pagesperso-orange.fr,S
Aleda,aconwsdb@reverbnation.com,L
Sapphire,smorralleedc@hp.com,XS
Herc,hjoiscedd@ameblo.jp,XS
Nani,nmertonde@google.co.jp,M
Arvie,atolchardedf@answers.com,XL
Alisha,acrehandg@lycos.com,M
Mal,mrembrandtdh@wsj.com,2XL
Christopher,cdowrydi@kickstarter.com,3XL
Val,vsplevinsdj@redcross.org,S
Vally,vbonafacinodk@sitemeter.com,2XL
Elmo,edummigandl@simplemachines.org,S
Atlante,askelhorndm@salon.com,M
Emmerich,elymerdn@toplist.cz,XS
Ripley,rgrimselldo@mapquest.com,3XL
Ingra,igabbitisdp@twitpic.com,M
Isa,iwardeldq@google.com,M
Almeda,aportedr@sohu.com,L
Nowell,nmarzellods@csmonitor.com,3XL
Blayne,bhaythdt@scribd.com,XS
Petrina,pclemencondu@nationalgeographic.com,XL
Brian,bbassanodv@youtube.com,M
Claybourne,cbottomoredw@weather.com,S
Farley,fcalderadx@bizjournals.com,XL
Cirillo,cmicallefdy@simplemachines.org,L
Ivie,icraiggdz@goo.gl,2XL
Heida,hsherringtone0@dagondesign.com,2XL
Andria,apawlowicze1@rambler.ru,3XL
Sapphire,sebbottse2@blog.com,XL
Alison,acawsbye3@washington.edu,XL
Trevar,tnurdine4@gmpg.org,2XL
Eryn,emordane5@studiopress.com,M
Phil,prowswelle6@photobucket.com,2XL
Hanny,htradewelle7@shop-pro.jp,M
Tab,tpaulacke8@senate.gov,L
Candis,cwernere9@rediff.com,L
Gretel,gcallinghamea@jigsy.com,XL
Emelita,ebanfilleb@bloomberg.com,M
Rhianna,rboudaec@1und1.de,XS
Giacobo,gowbridgeed@people.com.cn,3XL
Aylmar,aternouthee@yahoo.com,2XL
Becka,bjaffaef@bbc.co.uk,L
Tomas,tjanataeg@icq.com,3XL
Khalil,khandrikeh@ted.com,L
Chucho,cnickolesei@unesco.org,L
Trev,tpikhnoej@cdc.gov,L
Vivianna,vpepisek@nifty.com,XS
Ali,agiannasiel@4shared.com,3XL
Ardis,adarbeyem@pcworld.com,S
Gill,gsalamanen@mit.edu,XL
Aloysia,adearingeo@google.es,M
Mimi,mpaffittep@thetimes.co.uk,3XL
Bram,bmurrumeq@1688.com,2XL
Archibold,ajohnstoner@weibo.com,M
Shelley,spitcaithleyes@businessinsider.com,3XL
Netti,nyoslowitzet@examiner.com,L
Kitty,klakentoneu@howstuffworks.com,L
Willey,wscholarev@newyorker.com,2XL
Saba,sdavidovicew@wiley.com,XL
Orsa,obendareex@myspace.com,3XL
Fidelio,fmusicoey@addtoany.com,S
Mame,mcrocettiez@blinklist.com,XL
Dirk,dfallaf0@nsw.gov.au,3XL
Lia,lcoonanf1@cbc.ca,2XL
Milzie,mlondonf2@spotify.com,XS
Cleopatra,ctargetterf3@amazon.com,M
Tove,twoodersonf4@sakura.ne.jp,S
Karen,kfreezerf5@booking.com,XS
Alexandr,alintsf6@japanpost.jp,XL
Pippy,pmustillf7@linkedin.com,XS
Collen,cdesvignesf8@wikispaces.com,XL
Nata,nhowlettf9@sourceforge.net,3XL
Jeff,jgirthfa@columbia.edu,L
Maisey,mspiersfb@ibm.com,2XL
Raddie,rsturgesfc@netlog.com,XL
Chandra,craspinfd@dyndns.org,XS
Frasco,ftesseymanfe@google.it,2XL
Robby,rraweff@tuttocitta.it,3XL
Andriana,aseigniorfg@usatoday.com,XS
Rockwell,rcornerfh@imdb.com,2XL
Jacenta,jmctaguefi@elpais.com,L
Nikola,nmcjerrowfj@goo.ne.jp,M
Antonie,asimonellifk@photobucket.com,XS
Concettina,claughreyfl@jugem.jp,XL
Thorstein,tsharpfm@blog.com,M
Ruthie,rloraitfn@mtv.com,L
Susi,slardnerfo@cam.ac.uk,XL
Towney,taseefp@apple.com,XL
Kessiah,kkitleyfq@msu.edu,M
Zachariah,zlacroutsfr@creativecommons.org,2XL
Essie,ewyrallfs@sogou.com,3XL
Lorena,lpearmainft@webs.com,XS
Adrienne,afulksfu@netlog.com,S
Moore,mrunacresfv@independent.co.uk,XS
Marney,mstquintinfw@aboutads.info,XL
Derrek,druanefx@cafepress.com,L
Lewie,laberkirderfy@livejournal.com,XS
Starr,ssumsionfz@quantcast.com,XL
Orelia,ogoardg0@amazon.com,3XL
Tabina,tbownesg1@bravesites.com,L
Tris,tcasottig2@webeden.co.uk,M
Helenka,hnunang3@salon.com,2XL
Auberta,aashallg4@hao123.com,3XL
Idell,idulwichg5@zimbio.com,XL
Lonnie,lsteaneg6@jiathis.com,S
Vladimir,vscurryg7@washington.edu,XL
Christoph,cduchateaug8@ca.gov,XS
Fey,fgrenfellg9@netlog.com,M
Ardeen,ashoriega@flavors.me,S
Brynn,bgovinlockgb@goodreads.com,2XL
Barret,bkanwellgc@merriam-webster.com,3XL
Faina,fcostelowgd@wsj.com,2XL
Cedric,creburnge@dot.gov,2XL
Charley,cjudkinsgf@ow.ly,XS
Aurel,aeastwoodgg@nifty.com,3XL
Nannette,nstredwickgh@sbwire.com,3XL
Yoshi,yhawksworthgi@live.com,XL
Shae,skitchinghangj@umn.edu,XL
Raul,rdunbobbingk@biglobe.ne.jp,2XL
Dolores,daronovichgl@e-recht24.de,2XL
Efren,eedmonsgm@bing.com,M
Jaclyn,jalpingn@hhs.gov,L
Michaella,malwingo@disqus.com,XL
Mela,mbearcroftgp@hp.com,3XL
Becky,btomsongq@networkadvertising.org,XS
Nobie,nsaergr@w3.org,3XL
Beryl,bcroppergs@amazonaws.com,S
Patrice,phuniwallgt@hud.gov,L
Papagena,pkahanegu@fc2.com,XL
Anet,amiebesgv@ucoz.ru,XL
Sonnie,smcdoualgw@google.fr,3XL
Katrine,kwhittletongx@pinterest.com,3XL
Janean,jjointgy@sogou.com,M
Tedman,tcastagnagz@dedecms.com,3XL
Elberta,elloydh0@japanpost.jp,XL
Dalia,dhaslockeh1@nytimes.com,XL
Rosabel,rbattsonh2@sourceforge.net,3XL
Friederike,fgietzh3@topsy.com,2XL
Laraine,lkehoeh4@artisteer.com,2XL
Johny,jpardeyh5@woothemes.com,3XL
Stephenie,scroanh6@drupal.org,XS
Gerianne,glamasnah7@meetup.com,L
Kalindi,kmacnellyh8@tiny.cc,3XL
Thibaut,tismailh9@ezinearticles.com,XS
Sherlock,sdarwinha@histats.com,S
Saundra,smaudlinghb@storify.com,S
Marlin,mgegghc@slashdot.org,XL
Yoshiko,ybaldunghd@cmu.edu,L
Reena,rrobushe@blogger.com,XL
Brittany,bparmerhf@plala.or.jp,L
Joanna,jpolgreenhg@so-net.ne.jp,L
Maje,mlequeuxhh@facebook.com,XL
Donelle,dhatfullhi@nps.gov,L
Norton,nboardshj@bloglovin.com,M
Barbie,bfeehelyhk@netscape.com,XS
Janine,jtripneyhl@howstuffworks.com,L
Pat,pciannihm@icq.com,2XL
Bendite,bmoulehn@lycos.com,M
George,gliddellho@house.gov,2XL
Emmalynn,efurnesshp@prlog.org,XL
Saxon,screebohq@trellian.com,3XL
Glenn,gharnwellhr@disqus.com,3XL
Gerhardine,gmcmennumhs@phoca.cz,L
Bambie,bkubelkaht@ebay.co.uk,3XL
Krissy,kdinishu@rediff.com,XL
Andriana,abentotehv@pcworld.com,XL
Felita,fleghornhw@mapy.cz,XS
Burlie,bsummerliehx@bloomberg.com,2XL
Caritta,cverryhy@sfgate.com,2XL
Hortensia,hwiltshearhz@noaa.gov,3XL
Fairfax,ffishburni0@exblog.jp,XS
Bear,bbeazleyi1@seattletimes.com,XL
Damiano,dmattingleyi2@discovery.com,3XL
Clarissa,cgosarti3@twitter.com,M
Diann,dmasseni4@cnn.com,L
Ashlin,abococki5@youku.com,XS
Brant,bgaucheri6@theguardian.com,2XL
Jameson,jkarchewskii7@mapquest.com,M
Anita,amatthewi8@umn.edu,M
Forster,flenschi9@google.pl,L
Hamilton,houghia@bloglines.com,S
Tod,trichingsib@ustream.tv,XS
Stacy,spunteric@linkedin.com,XS
Elly,ewigzellid@godaddy.com,M
Anna-diana,afolksie@aboutads.info,XL
Monah,mtrewinif@istockphoto.com,L
Damita,dosgarbyig@icq.com,XS
Devon,dlambertiniih@cafepress.com,S
Michaela,mbiaggiii@time.com,2XL
Alix,agoozeeij@jugem.jp,XS
Dierdre,dbothaik@springer.com,XS
Alex,abluntil@rediff.com,M
Franny,fgrissim@facebook.com,M
Tallou,tbuckerfieldin@amazon.de,S
Charlotte,clowdwellio@indiegogo.com,3XL
Jordan,jsinclarip@usda.gov,S
Anna-diana,abeavaniq@scribd.com,L
Candi,ckearsir@paypal.com,3XL
Michal,mboamis@over-blog.com,2XL
Page,pmorcombeit@prweb.com,M
Karil,kstitwelliu@unblog.fr,2XL
Jae,jromeiv@ifeng.com,S
Coral,ctobyiw@amazon.de,XL
Prudy,pbrameltix@wikimedia.org,3XL
Gage,gjosilowskiiy@twitpic.com,3XL
Had,hmeiningeriz@ft.com,L
Murdock,mrickardssonj0@telegraph.co.uk,S
Gregg,glilionj1@yolasite.com,3XL
Maurene,mdeeblej2@wikimedia.org,3XL
Ann,ahickeringillj3@ca.gov,L
Carri,cbeumantj4@theglobeandmail.com,2XL
Midge,mliggensj5@vkontakte.ru,3XL
Lynne,ljirickj6@zimbio.com,XL
Merlina,mdurningj7@time.com,3XL
Ulrike,ulowethj8@cafepress.com,XL
Sonnie,slefortj9@com.com,L
Heda,hdemeltja@ftc.gov,L
Goldi,gdoakjb@netscape.com,M
Kimberley,kcrayjc@goo.gl,S
Hortensia,hrumensjd@issuu.com,2XL
Bobbi,brodgierje@psu.edu,M
Maddy,mgallehockjf@omniture.com,XS
Nelia,njoulesjg@amazon.de,2XL
Arlee,adepkejh@constantcontact.com,XL
Herby,htongeji@ed.gov,M
Phoebe,pgalletyjj@wikispaces.com,3XL
Barth,bskermerjk@wiley.com,L
Filmer,fboudajl@europa.eu,S
Brocky,bbugdenjm@latimes.com,XS
Zaccaria,ztemlettjn@moonfruit.com,S
Mariellen,mdurrelljo@irs.gov,XL
Kelsey,ksheronjp@unesco.org,M
Jock,jhartfleetjq@samsung.com,M
Renell,rmacfaddenjr@imageshack.us,L
Cindi,cfeatherstonhaughjs@flavors.me,XS
Dory,drickertjt@stumbleupon.com,2XL
Selia,serieju@nasa.gov,S
Hersh,hmurnamejv@globo.com,2XL
Paolina,pmarquandjw@shutterfly.com,M
Ripley,rstatherjx@blogs.com,XS
Gratia,gaersjy@squarespace.com,XL
Katharina,kvedmorejz@tmall.com,M
Marten,mblaisek0@dagondesign.com,XL
Harcourt,hgresleyk1@blinklist.com,L
Merrili,mcleefk2@admin.ch,M
Lucho,lsimcoek3@ustream.tv,3XL
Huntington,hboycek4@who.int,L
Olympe,ojeyesk5@imgur.com,3XL
Erma,enokek6@go.com,2XL
Cary,cpattinik7@meetup.com,L
Hanni,hondrousekk8@vinaora.com,XL
Rriocard,rkennedyk9@wordpress.com,XS
Siouxie,shalpeineka@domainmarket.com,3XL
Cristie,crentalllkb@npr.org,XL
Launce,lgladdolphkc@ovh.net,2XL
Nichole,nblitzkd@blogs.com,M
Tucker,treveningke@wufoo.com,2XL
Willette,wheakekf@domainmarket.com,S
Thedric,tsapeykg@last.fm,XS
Ariana,abeckkh@networkadvertising.org,S
Kippy,kdoberki@diigo.com,S
Skylar,slambakj@privacy.gov.au,M
Jermayne,jmendelkk@telegraph.co.uk,S
Adolpho,abatteykl@domainmarket.com,M
Donal,drundlekm@sun.com,XS
Antonetta,aaldhamkn@senate.gov,2XL
Doralynne,dpietruschkako@reference.com,M
Gates,gcrixkp@facebook.com,XS
Fidelio,fmatyaskq@usatoday.com,L
Alvy,aoakeskr@amazonaws.com,XS
Sue,spriumks@myspace.com,S
Nye,nbrummittkt@nymag.com,S
Burr,bbettyku@cdc.gov,3XL
Akim,acullinanekv@studiopress.com,M
Lorianne,lphillipkw@infoseek.co.jp,XS
Dehlia,dgiacaponikx@eepurl.com,M
Nellie,nwhappleky@mapy.cz,S
Sue,skuhnertkz@sciencedirect.com,S
Alys,ahearonl0@umich.edu,L
Burt,ballakerl1@wsj.com,3XL
Forester,fvickarmanl2@geocities.com,2XL
Iorgos,isaddletonl3@reverbnation.com,XL
Vivia,vkeiltyl4@youku.com,L
Amitie,adawidowitschl5@alibaba.com,M
Cindi,csemberl6@mashable.com,L
Florida,fdoleyl7@hubpages.com,L
Iago,ilibreyl8@tuttocitta.it,L
Xenos,xsabeyl9@youku.com,XS
Lawrence,lshillitola@mit.edu,M
Myrah,maylmerlb@tinypic.com,L
Cornelle,cyaninlc@alexa.com,L
Prisca,phayzerld@microsoft.com,M
Kathe,kegellle@github.io,L
Eberto,eaymerichlf@ox.ac.uk,3XL
Susanetta,sbisetlg@microsoft.com,M
Viole,vgallellilh@ask.com,3XL
Penny,peagarli@pinterest.com,2XL
Ty,ttonsleylj@sina.com.cn,2XL
Mohammed,mfawdrielk@webeden.co.uk,M
Seka,siacoviellill@myspace.com,S
Galvin,gblaydlm@noaa.gov,XL
Delmore,djammeln@uol.com.br,3XL
Cross,ckileylo@kickstarter.com,L
Barry,bebertslp@google.pl,S
Ancell,acarillolq@nydailynews.com,2XL
Stirling,smarinlr@blinklist.com,S
Jacob,jbiagionils@hostgator.com,3XL
Gerri,gmcruvielt@samsung.com,2XL
Marguerite,mrichardslu@t-online.de,L
Elli,eezzlelv@amazon.com,L
Natal,nbegwelllw@craigslist.org,S
Antony,asortonlx@cbsnews.com,M
Gal,gbrendly@oakley.com,S
Jade,jhutleylz@globo.com,L
Bride,bgiraultm0@printfriendly.com,L
Lanette,lschettinim1@berkeley.edu,XL
Bettine,bjagiellom2@parallels.com,XL
L;urette,lfraczakm3@pcworld.com,3XL
Angelico,ateesm4@npr.org,3XL
Tuck,torknaym5@upenn.edu,XL
Gare,gtailourm6@printfriendly.com,S
Juline,jgosneyem7@scribd.com,XS
Hannah,hmasserm8@imageshack.us,L
Nataniel,nharringm9@tinyurl.com,XL
Sharity,sochiltreema@nifty.com,M
Gardiner,gtwitchingsmb@buzzfeed.com,2XL
Tamarra,tcharnickmc@blinklist.com,S
Muffin,mdebischopmd@chicagotribune.com,3XL
Shane,smingassonme@canalblog.com,L
Rosmunda,rjasiakmf@craigslist.org,XL
Haze,henterleinmg@baidu.com,L
Teresita,tfearnsidesmh@sciencedaily.com,XS
Faye,fholsonmi@behance.net,S
Yulma,yshaudfurthmj@mapquest.com,XS
Tanny,tbenasikmk@g.co,M
Bayard,btuberfieldml@amazon.co.jp,XS
Hynda,hpurcermm@globo.com,3XL
Malissia,mmickanmn@prnewswire.com,M
Laural,lgyppsmo@un.org,S
Reinold,rkeldmp@yellowpages.com,M
Hobey,hwatsonbrownmq@github.com,2XL
Carlee,ctolhurstmr@mit.edu,3XL
Marti,mjannyms@marketwatch.com,3XL
Orton,odeverillmt@bigcartel.com,2XL
Trey,tandrettimu@cargocollective.com,2XL
Harry,hmurtaghmv@gmpg.org,XL
Jilli,jluetchfordmw@joomla.org,S
August,alexamx@miibeian.gov.cn,XL
Camel,cblundelmy@hugedomains.com,M
Derrick,dyatesmz@pcworld.com,XL
Carmella,cmarmionn0@msn.com,XL
Jasmin,jsimonetton1@huffingtonpost.com,XS
Yule,ywakemann2@mozilla.com,2XL
Godard,glabuschn3@nih.gov,3XL
Julissa,jarnauducn4@g.co,XL
Zed,zgillisn5@twitpic.com,M
Nataniel,ngellionn6@geocities.jp,2XL
Mommy,mhannentn7@si.edu,L
Tally,tlumbyn8@jimdo.com,3XL
Christean,cburdusn9@businesswire.com,3XL
Nobe,nbuckiena@sbwire.com,3XL
Aurie,alodernb@china.com.cn,2XL
Scarlet,sengleync@comcast.net,S
Frazer,fkeyesnd@purevolume.com,XL
Chloe,cgiacomelline@sourceforge.net,L
Sansone,sgarthnf@ox.ac.uk,2XL
Inglebert,idunlopng@google.com.hk,M
Percival,prennh@fema.gov,2XL
Frazer,fjordineni@tumblr.com,XL
Carlie,cbealenj@newyorker.com,M
Maggi,mmacphailnk@people.com.cn,XS
Marten,mgellibrandnl@addtoany.com,2XL
Bertrando,bcranhamnm@t-online.de,L
Nanon,nwrattennn@gizmodo.com,S
Giorgi,gbrownseano@amazon.co.uk,M
Petra,ppringellnp@statcounter.com,3XL
Melisande,maiersnq@usgs.gov,S
Chase,cderisleynr@1und1.de,S
Gerty,gdubblens@engadget.com,XL
Cecile,cklimentovnt@wikia.com,XS
Suellen,snelliesnu@theatlantic.com,2XL
Minerva,madacotnv@blogtalkradio.com,S
Weidar,wmartinsonnw@g.co,L
Garwin,gcraiggnx@delicious.com,2XL
Che,cfairlemny@theatlantic.com,L
Antonetta,amedlarnz@admin.ch,L
Caitrin,cetchellso0@youtube.com,XL
Ellynn,eferruzzio1@alexa.com,3XL
Harriett,hwoodruffeo2@guardian.co.uk,2XL
Olva,oleavoldo3@google.co.jp,XS
Juliette,jpaiceo4@altervista.org,XL
Correy,calbrechto5@oaic.gov.au,M
Ernesto,eheffordeo6@smh.com.au,3XL
Karlik,khenrichso7@nbcnews.com,3XL
Gabbie,gengelbrechto8@vistaprint.com,2XL
Viviyan,vwinspero9@soup.io,3XL
Even,ebreslauoa@bloglovin.com,3XL
Pepi,pheywardob@thetimes.co.uk,XL
Kahlil,kbrittonoc@amazon.co.jp,XL
Riccardo,rzuannod@google.co.uk,M
Phedra,projasoe@sciencedirect.com,XS
Sheilah,sshaleof@zdnet.com,L
Filmer,fmcguggyog@paginegialle.it,M
Ardelis,abisonoh@apache.org,3XL
Rosanna,rburgessoi@google.cn,M
Livia,llavenderoj@amazon.de,2XL
Avrit,aharrissok@nature.com,2XL
Verne,vhallbordol@telegraph.co.uk,M
Auroora,ariversom@seesaa.net,2XL
Cletis,cgraveson@shutterfly.com,XL
Adena,ahedgecockoo@hexun.com,XL
Andros,adunkerleyop@theguardian.com,XS
Lea,lcecchetellioq@elpais.com,3XL
Mycah,mmatczakor@cbc.ca,S
Meade,mpulleros@addthis.com,L
Cristy,ccullipot@google.it,L
Guinna,gstranksou@printfriendly.com,3XL
Clemmie,chayhurstov@jiathis.com,XL
Jocelyn,jhorsellow@google.it,M
Mercy,malgieox@bbb.org,XL
Modestine,mharuardoy@eepurl.com,S
Jacinta,jmcneilleyoz@squarespace.com,XS
Ellery,edaneletp0@newsvine.com,2XL
Brew,brickisp1@miibeian.gov.cn,S
Nora,naireyp2@mapy.cz,M
Bibbie,bsherrottp3@google.com,XL
Yolanthe,yleifp4@jigsy.com,2XL
Aurthur,astolworthyp5@indiegogo.com,S
Wendeline,wbourgaizep6@sourceforge.net,M
Nobie,nstuehmeyerp7@mac.com,M
Bo,bbotwrightp8@jugem.jp,L
Penelopa,pwoolenp9@sina.com.cn,L
Tracie,tvestypa@google.pl,XS
Beale,bblaslipb@yahoo.co.jp,M
Melloney,mbeterisspc@sbwire.com,S
Aveline,akearneypd@boston.com,XL
Claudina,cgheorghepe@yellowbook.com,XL
Adelheid,afreanpf@163.com,M
Bent,bhardwarepg@domainmarket.com,M
Nikaniki,nfroudph@discuz.net,XL
Avie,afranceschiellipi@xing.com,2XL
Lizzie,lfoulkspj@nba.com,XS
Starlene,swillemanpk@mayoclinic.com,XS
Sonia,sdiblingpl@shutterfly.com,XL
Lincoln,llhommeaupm@vkontakte.ru,XL
Mallorie,mlinbohmpn@bbb.org,3XL
Tami,thedderlypo@google.ru,XL
Banky,bbehrpp@instagram.com,XS
Adella,aibanezpq@biblegateway.com,S
Raddie,rlowtonpr@china.com.cn,S
Say,scarnierps@cbc.ca,M
Sayre,sversonpt@meetup.com,3XL
Ned,nmeacepu@accuweather.com,XL
Corrie,cnancekivellpv@redcross.org,2XL
Tierney,tjerminpw@newyorker.com,XL
Lilyan,landrionipx@abc.net.au,3XL
Shellysheldon,ssuerzpy@huffingtonpost.com,XS
Kylen,kpadgettpz@nifty.com,2XL
Dulcy,dtestinq0@so-net.ne.jp,S
Theobald,tnieassq1@cdbaby.com,M
Gillian,gpeidroq2@webs.com,XS
Wallis,wsedgeq3@bloglines.com,L
Carrol,csewleyq4@intel.com,M
Alis,aplitzq5@ameblo.jp,XS
Mirella,mgudahyq6@hao123.com,3XL
Nadia,npiffordq7@princeton.edu,L
Rodrique,rhatzarq8@youku.com,XS
Shirleen,swhetsonq9@photobucket.com,S
Aretha,atallquistqa@arizona.edu,3XL
Libbi,lparkinsonqb@dmoz.org,2XL
Cchaddie,cbenetqc@squarespace.com,L
Theo,tcreaseqd@icio.us,XL
Ysabel,yplanqe@moonfruit.com,L
Mayer,mbernlinqf@slate.com,3XL
Odelinda,osneesbieqg@cnn.com,XS
Letitia,lmarqueseqh@oaic.gov.au,S
Helen-elizabeth,hfairhamqi@jalbum.net,3XL
Tirrell,tbridleqj@timesonline.co.uk,XS
Zorah,zgethenqk@eventbrite.com,XS
Ambrosius,araeburnql@alibaba.com,L
Donella,droderqm@myspace.com,M
Phyllida,pcalfqn@squarespace.com,2XL
Rouvin,rwaitlandqo@hatena.ne.jp,3XL
Billi,banwylqp@unesco.org,2XL
Germain,gdarrigoneqq@live.com,L
Grant,gpyrahqr@clickbank.net,2XL
Orly,odebruijneqs@newsvine.com,3XL
Iona,ikindellqt@msn.com,3XL
Evin,ethornewillqu@cyberchimps.com,3XL
Marin,mriddlesdenqv@chicagotribune.com,2XL
Troy,tmcmeartyqw@upenn.edu,M
Larisa,larmatysqx@51.la,3XL
Maridel,mguyqy@mozilla.com,S
Francesca,fmasonqz@bloglines.com,S
Gipsy,gbirtchnellr0@tripod.com,2XL
Nathanael,nperoccir1@msu.edu,M
Ardelle,amattacksr2@barnesandnoble.com,M
Gerhard,gsarjentr3@xinhuanet.com,2XL
Caresse,cdenorer4@forbes.com,XS
Andras,atreamayner5@naver.com,M
Bing,bitzchakir6@google.nl,L
Jim,jpleassr7@fda.gov,XS
Gradey,gmcenhillr8@fc2.com,XS
Linell,lsmithsonr9@telegraph.co.uk,2XL
Saba,sbirdseyera@marketwatch.com,M
Ellsworth,estorrorrb@state.gov,3XL
Marlon,mbazogerc@netscape.com,2XL
Nichol,nclapsonrd@gnu.org,L
Worth,wnollethre@clickbank.net,3XL
Tully,tjerroltrf@who.int,XS
Irita,idagnallrg@arstechnica.com,M
Cassie,cklicherrh@about.com,XL
Kelila,kbaxri@a8.net,3XL
Nerte,nkalinskyrj@soup.io,XS
Terrell,tpirtrk@shop-pro.jp,XS
Erasmus,eduftyrl@psu.edu,M
Godfry,gcoronasrm@sun.com,3XL
Nikita,nadrianrn@zdnet.com,3XL
Palmer,pwinearro@hc360.com,M
Karrah,koffilerrp@wunderground.com,M
Dina,dannandrq@about.com,2XL
Dacey,dillingsworthrr@mit.edu,XS
